date,time,open,high,low,close,volume
20090128,-,41.63,41.91,40.63,41.2,0
20090129,-,41.64,43.03,41.21,42.06,0
20090130,-,42.42,44.28,41.27,43.72,0
20090202,-,45.96,48.25,45.96,46.31,0
20090203,-,45.85,46.79,44.11,44.5,0
20090204,-,43.67,43.75,41.05,41.28,0
20090205,-,42.39,44.01,41.18,41.42,0
20090206,-,40.88,41.7,39.48,40.27,0
20090209,-,41.56,42.24,40.78,40.88,0
20090210,-,41.46,43.84,41.36,43.19,0
20090211,-,44.35,44.44,42.73,42.81,0
20090212,-,43.41,44.72,43.18,43.36,0
20090213,-,41.96,42.72,40.96,41.2,0
20090216,-,42.54,43.46,42.07,43.3,0
20090217,-,45.21,46.24,44.6,45.46,0
20090218,-,45.78,48.12,45.34,46.15,0
20090219,-,45.16,45.68,44.49,44.64,0
20090220,-,46.09,48.67,46.09,48.34,0
20090223,-,47.76,50.76,45.99,49.56,0
20090224,-,50.67,51.8,49.01,49.18,0
20090225,-,47.34,48.24,46.29,46.33,0
20090226,-,45.06,45.13,41.57,42.4,0
20090227,-,42.65,44.03,41.82,42.01,0
20090302,-,44.74,47.48,44.69,47.48,0
20090303,-,46.82,47.35,45.76,47.06,0
20090304,-,45.24,46.04,43.74,43.74,0
20090305,-,43.68,45.59,43.11,45.59,0
20090306,-,45.83,47.56,45.36,47.48,0
20090309,-,48.23,49.1,45.31,45.34,0
20090310,-,44.22,44.22,42.16,42.73,0
20090311,-,42.54,42.94,41.43,42.49,0
20090312,-,43.1,44.47,43.03,43.2,0
20090313,-,42.08,42.26,40.68,42.03,0
20090316,-,42.26,43.97,42.12,42.45,0
20090317,-,42.74,43.16,42.06,42.06,0
20090318,-,41.18,42.74,41.16,41.8,0
20090319,-,41.17,41.93,40.3,41.78,0
20090320,-,42.27,42.86,41.15,41.86,0
20090323,-,42.14,42.21,40.22,40.38,0
20090324,-,39.92,40.23,38.68,38.73,0
20090325,-,38.54,38.92,37.64,38.02,0
20090326,-,37.69,38.05,37.22,37.32,0
20090327,-,36.96,37.74,36.35,37.25,0
20090330,-,40.19,41.63,40.14,41.63,0
20090331,-,41.68,41.68,40.37,40.37,0
20090401,-,40.43,40.99,39.08,39.14,0
20090402,-,38.16,39.35,37.4,38.92,0
20090403,-,38.39,38.58,36.67,36.94,0
20090406,-,37.65,38.17,36.94,37.59,0
20090407,-,37.44,38.14,37.09,37.56,0
20090408,-,37.94,38.04,36.77,36.86,0
20090409,-,36.4,36.56,35.1,35.41,0
20090414,-,37.05,38.19,36.78,37.16,0
20090415,-,37.59,37.59,36.65,36.77,0
20090416,-,36.56,36.78,35.32,35.32,0
20090417,-,35.37,35.38,33.12,33.42,0
20090420,-,34.83,38.87,34.73,38.63,0
20090421,-,38.92,40.29,38.24,38.86,0
20090422,-,38.65,39.02,37.55,37.56,0
20090423,-,37.66,38.03,36.31,37.03,0
20090424,-,36.46,36.57,35.05,35.39,0
20090427,-,37.84,38.08,36.11,36.11,0
20090428,-,37.43,38.42,37.28,37.6,0
20090429,-,37.19,37.62,36.15,36.15,0
20090430,-,35.03,35.66,34.59,34.86,0
20090504,-,35.64,35.83,35.25,35.8,0
20090505,-,35.27,35.7,34.76,35.42,0
20090506,-,35.47,35.51,34.25,34.85,0
20090507,-,34.48,36.83,34.09,36.4,0
20090508,-,35.66,35.66,34.46,34.97,0
20090511,-,36.29,37.1,35.91,35.92,0
20090512,-,35.89,35.89,34.06,34.18,0
20090513,-,33.63,35.91,33.37,35.85,0
20090514,-,35.85,36.73,35.42,35.55,0
20090515,-,34.81,35.02,32.62,32.71,0
20090518,-,34.53,34.76,31.67,32.02,0
20090519,-,30.93,32.15,30.92,31.08,0
20090520,-,31.07,31.19,29.7,29.75,0
20090521,-,30.49,32.87,30.44,32.78,0
20090522,-,32.54,33.06,30.37,31.48,0
20090525,-,31.97,33.49,31.97,32.4,0
20090526,-,33.03,34.57,31.67,31.81,0
20090527,-,31.43,32.04,30.95,31.04,0
20090528,-,31.66,33.18,31.5,32.09,0
20090529,-,31.21,31.88,30.7,31.54,0
20090601,-,31.13,31.6,30.6,31.24,0
20090602,-,31.45,31.53,30.33,30.59,0
20090603,-,30.49,32.14,30.38,31.38,0
20090604,-,31.1,31.78,30.8,31.03,0
20090605,-,30.55,30.83,29.42,29.74,0
20090608,-,31.62,32.83,31.44,31.57,0
20090609,-,30.64,31.22,30.07,30.55,0
20090610,-,29.21,29.83,28.24,29.52,0
20090611,-,29.28,29.56,27.81,27.91,0
20090612,-,27.91,28.16,27.22,27.83,0
20090615,-,29.55,31.85,29.55,31.57,0
20090616,-,31.49,31.92,31.32,31.41,0
20090617,-,31.78,34.82,31.63,33.94,0
20090618,-,33.61,34.36,32.3,32.73,0
20090619,-,32.02,32.06,30.67,31.02,0
20090622,-,31.96,34.17,31.96,34.03,0
20090623,-,34.05,34.05,32.32,32.84,0
20090624,-,32.47,32.63,30.21,30.37,0
20090625,-,30.59,31.77,29.98,30.24,0
20090626,-,29.25,30.42,29.09,30.14,0
20090629,-,30.82,30.82,29.08,29.18,0
20090630,-,28.8,29.66,28.15,29.33,0
20090701,-,28.8,28.8,27.89,27.98,0
20090702,-,28.75,30.84,28.73,30.84,0
20090703,-,30.75,30.89,30.1,30.26,0
20090706,-,32.25,32.86,32.09,32.3,0
20090707,-,33.04,33.44,32.23,33.44,0
20090708,-,33.49,34.17,33.1,33.98,0
20090709,-,33.54,33.54,32.1,32.25,0
20090710,-,31.99,32.47,31.47,31.98,0
20090713,-,32.95,32.95,30.7,30.71,0
20090714,-,30.35,30.71,29.75,29.76,0
20090715,-,28.92,29.19,28.07,28.09,0
20090716,-,27.46,27.89,26.63,27.45,0
20090717,-,27.05,27.16,25.6,25.66,0
20090720,-,26.67,27.43,25.95,26.92,0
20090721,-,26.71,27.46,26.11,27.07,0
20090722,-,27.15,28.12,27.1,27.1,0
20090723,-,26.99,27.41,25.99,26.55,0
20090724,-,26.67,27.13,25.95,26.68,0
20090727,-,27.39,28.01,27.07,27.64,0
20090728,-,27.49,28.62,27.17,28.21,0
20090729,-,28.03,28.03,27.1,27.61,0
20090730,-,27.34,27.68,26.58,27.2,0
20090731,-,27.37,27.77,27.09,27.64,0
20090803,-,28.77,29.1,28.31,29.07,0
20090804,-,29.17,29.8,28.28,28.33,0
20090805,-,28.13,29.07,27.7,28.27,0
20090806,-,27.07,27.95,26.96,27.38,0
20090807,-,27.64,27.9,26.1,26.43,0
20090810,-,27.29,27.85,27.05,27.05,0
20090811,-,26.88,28.41,26.69,28.16,0
20090812,-,28.11,28.32,27.48,27.54,0
20090813,-,27.17,27.54,26.54,26.82,0
20090814,-,26.39,28.04,25.99,28.04,0
20090817,-,29.67,33.08,29.47,31.98,0
20090818,-,31.8,31.81,30.65,30.9,0
20090819,-,31.11,32.3,31.11,31.22,0
20090820,-,30.05,30.19,29.23,29.39,0
20090821,-,28.98,28.98,26.93,27.2,0
20090824,-,27.79,28.24,27.17,27.57,0
20090825,-,27.63,28.01,27.32,27.36,0
20090826,-,27.44,28.72,27.18,28.33,0
20090827,-,28.32,29.3,27.98,28.31,0
20090828,-,27.94,28.04,27.38,27.95,0
20090831,-,29.33,29.58,28.93,29.51,0
20090901,-,29.09,31.15,29.06,31.13,0
20090902,-,31.93,32.34,31.39,31.4,0
20090903,-,31.1,31.19,30.38,30.53,0
20090904,-,29.96,29.96,28.12,28.2,0
20090907,-,28.43,28.59,27.88,28.09,0
20090908,-,28.03,28.18,27.61,27.72,0
20090909,-,27.93,27.98,26.89,27.09,0
20090910,-,26.74,27.42,26.5,26.69,0
20090911,-,26.37,26.58,26.12,26.22,0
20090914,-,27.73,28.23,27.21,27.32,0
20090915,-,27.04,27.54,26.98,27.08,0
20090916,-,26.65,26.74,26.42,26.73,0
20090917,-,26.54,26.94,26.4,26.65,0
20090918,-,26.78,26.78,25.37,25.66,0
20090921,-,26.86,27.57,26.86,27.15,0
20090922,-,26.63,26.65,26.05,26.25,0
20090923,-,26.08,26.14,25.58,25.93,0
20090924,-,26.79,28.12,26.17,28.02,0
20090925,-,28.02,28.65,27.69,28.07,0
20090928,-,28.37,29.39,27.06,27.07,0
20090929,-,26.8,27.1,26.3,26.58,0
20090930,-,26.14,27.15,25.64,26.64,0
20091001,-,26.34,28.68,25.98,28.66,0
20091002,-,29.36,30.68,29.36,29.63,0
20091005,-,30.74,30.74,29.11,29.15,0
20091006,-,28.66,28.68,27.33,27.46,0
20091007,-,27.13,27.27,26.67,26.95,0
20091008,-,26.34,27.06,26.06,26.09,0
20091009,-,25.89,26.18,25.53,25.78,0
20091012,-,26.33,26.34,25.33,25.65,0
20091013,-,25.68,26.51,25.52,26.3,0
20091014,-,25.9,25.93,25.2,25.2,0
20091015,-,24.27,25.35,24.27,24.92,0
20091016,-,24.27,25.33,23.68,25.18,0
20091019,-,25.84,25.91,25.06,25.11,0
20091020,-,25.06,25.82,24.75,24.96,0
20091021,-,24.77,25.73,24.51,24.51,0
20091022,-,25.76,25.89,25.0,25.04,0
20091023,-,24.3,24.73,23.89,24.57,0
20091026,-,25.45,27.25,25.0,27.25,0
20091027,-,27.23,27.65,26.63,27.26,0
20091028,-,27.86,28.84,27.61,28.84,0
20091029,-,29.31,29.35,26.5,27.06,0
20091030,-,27.0,30.82,26.65,30.82,0
20091102,-,32.11,32.11,30.62,31.15,0
20091103,-,31.87,32.88,31.5,31.56,0
20091104,-,30.93,30.93,29.3,29.49,0
20091105,-,30.0,30.44,27.91,28.28,0
20091106,-,27.92,28.61,27.27,27.33,0
20091109,-,27.66,27.66,25.97,25.97,0
20091110,-,25.75,26.21,25.59,26.02,0
20091111,-,25.6,25.99,25.04,25.92,0
20091112,-,25.98,26.32,25.47,26.22,0
20091113,-,26.2,26.67,25.67,25.72,0
20091116,-,26.29,26.29,25.29,25.71,0
20091117,-,25.69,26.47,25.68,26.2,0
20091118,-,25.49,25.78,24.84,25.46,0
20091119,-,25.52,26.56,25.45,26.31,0
20091120,-,25.83,26.5,25.09,26.3,0
20091123,-,26.09,26.09,24.41,24.57,0
20091124,-,24.76,24.79,24.05,24.46,0
20091125,-,23.99,24.71,23.52,23.71,0
20091126,-,24.51,30.18,24.51,29.2,0
20091127,-,30.96,31.07,27.5,27.89,0
20091130,-,28.2,30.25,28.2,29.58,0
20091201,-,28.26,28.26,26.57,26.59,0
20091202,-,25.86,26.19,25.44,25.71,0
20091203,-,25.08,25.87,24.69,25.65,0
20091204,-,25.91,26.0,23.96,24.24,0
20091207,-,25.06,25.64,24.55,24.59,0
20091208,-,24.55,26.37,23.92,25.95,0
20091209,-,26.14,28.4,25.91,27.0,0
20091210,-,26.98,27.08,25.61,26.27,0
20091211,-,25.59,25.6,24.35,24.69,0
20091214,-,24.51,24.57,24.1,24.13,0
20091215,-,23.6,24.43,23.42,23.59,0
20091216,-,23.37,23.39,22.58,22.75,0
20091217,-,23.04,23.76,22.89,23.33,0
20091218,-,23.34,23.78,22.54,23.78,0
20091221,-,24.36,24.38,22.59,22.72,0
20091222,-,22.33,22.48,21.79,22.3,0
20091223,-,22.13,22.44,21.65,22.11,0
20091228,-,23.1,23.17,22.69,22.78,0
20091229,-,22.58,22.64,22.09,22.29,0
20091230,-,22.25,22.73,21.88,22.73,0
20100104,-,23.96,23.98,22.43,22.43,0
20100105,-,22.52,22.53,21.79,21.96,0
20100106,-,21.87,22.27,21.58,21.62,0
20100107,-,22.2,22.53,21.59,21.72,0
20100108,-,21.47,22.05,20.67,20.87,0
20100111,-,20.83,21.57,20.4,21.56,0
20100112,-,21.31,22.69,21.23,21.99,0
20100113,-,22.05,22.11,21.51,21.77,0
20100114,-,20.48,20.72,19.43,19.56,0
20100115,-,19.47,21.22,18.85,21.07,0
20100118,-,21.46,21.47,20.21,20.26,0
20100119,-,20.6,21.13,19.58,19.8,0
20100120,-,20.28,22.35,19.9,21.99,0
20100121,-,21.64,24.21,21.5,24.2,0
20100122,-,24.3,26.09,23.91,24.89,0
20100125,-,26.36,26.39,25.25,25.9,0
20100126,-,26.39,26.41,24.54,24.54,0
20100127,-,25.45,25.91,24.77,25.56,0
20100128,-,24.61,26.47,24.05,26.36,0
20100129,-,25.79,26.09,24.7,25.24,0
20100201,-,26.14,26.15,24.79,24.92,0
20100202,-,24.77,24.96,23.53,23.6,0
20100203,-,23.3,23.83,22.88,23.67,0
20100204,-,23.52,26.32,23.41,26.22,0
20100205,-,27.13,28.65,26.33,27.19,0
20100208,-,27.79,27.92,26.54,26.8,0
20100209,-,26.65,26.94,25.75,26.35,0
20100210,-,25.6,26.18,25.1,25.89,0
20100211,-,25.15,26.83,24.89,25.85,0
20100212,-,24.71,25.69,24.48,24.96,0
20100215,-,25.07,25.32,24.78,25.11,0
20100216,-,24.35,25.49,23.89,23.9,0
20100217,-,23.16,23.16,22.61,22.85,0
20100218,-,22.88,23.24,22.2,22.23,0
20100219,-,22.5,22.73,21.51,21.52,0
20100222,-,22.1,22.37,21.37,21.59,0
20100223,-,21.0,23.02,20.78,22.88,0
20100224,-,22.56,23.64,22.42,22.65,0
20100225,-,22.98,24.21,22.09,23.22,0
20100226,-,22.7,22.9,21.58,21.72,0
20100301,-,21.39,21.99,21.18,21.19,0
20100302,-,20.83,21.01,20.24,20.32,0
20100303,-,20.13,20.37,19.67,19.84,0
20100304,-,20.31,20.52,19.99,20.2,0
20100305,-,19.99,20.12,18.84,18.9,0
20100308,-,19.33,19.64,19.3,19.56,0
20100309,-,19.35,19.84,18.99,19.01,0
20100310,-,19.15,19.16,18.39,18.45,0
20100311,-,18.48,18.82,18.34,18.42,0
20100312,-,18.26,18.44,17.61,18.41,0
20100315,-,19.04,19.48,18.88,19.41,0
20100316,-,19.07,19.08,18.52,18.76,0
20100317,-,18.52,18.64,18.15,18.33,0
20100318,-,18.7,18.89,18.32,18.78,0
20100319,-,18.46,18.78,17.46,18.59,0
20100322,-,19.58,19.85,19.08,19.3,0
20100323,-,19.04,19.05,18.2,18.2,0
20100324,-,18.01,19.24,17.94,18.24,0
20100325,-,18.1,18.33,17.6,17.75,0
20100326,-,17.93,18.0,17.48,17.81,0
20100329,-,18.29,18.75,18.13,18.28,0
20100330,-,18.0,18.62,17.91,18.56,0
20100331,-,18.59,18.96,18.21,18.5,0
20100401,-,17.94,17.97,17.63,17.85,0
20100406,-,18.65,18.65,18.22,18.32,0
20100407,-,18.19,18.8,18.17,18.63,0
20100408,-,18.96,20.06,18.94,19.53,0
20100409,-,18.9,18.95,18.0,18.09,0
20100412,-,18.16,18.67,17.99,18.12,0
20100413,-,18.18,18.75,18.06,18.38,0
20100414,-,17.96,18.11,17.58,17.99,0
20100415,-,17.25,18.11,17.01,17.56,0
20100416,-,17.91,19.61,16.47,19.61,0
20100419,-,20.32,20.51,19.61,20.17,0
20100420,-,19.27,19.46,18.28,18.33,0
20100421,-,17.93,18.94,17.92,18.94,0
20100422,-,18.79,21.58,18.35,20.72,0
20100423,-,21.01,21.04,19.18,19.42,0
20100426,-,19.28,19.6,19.03,19.34,0
20100427,-,19.67,23.01,19.66,22.96,0
20100428,-,23.81,26.95,23.75,24.67,0
20100429,-,24.19,24.75,23.37,23.63,0
20100430,-,23.15,24.51,22.33,23.29,0
20100503,-,24.69,24.85,23.17,23.35,0
20100504,-,22.89,26.64,22.4,26.37,0
20100505,-,26.13,28.23,26.13,27.02,0
20100506,-,27.37,29.26,26.51,28.49,0
20100507,-,31.73,40.1,31.3,38.57,0
20100510,-,38.34,38.34,33.15,33.18,0
20100511,-,31.33,31.93,29.37,29.37,0
20100512,-,29.46,29.59,25.27,25.53,0
20100513,-,23.76,23.8,22.94,23.5,0
20100514,-,24.21,31.24,24.21,30.88,0
20100517,-,32.23,32.31,29.72,31.54,0
20100518,-,29.94,30.18,28.9,29.37,0
20100519,-,31.03,35.56,30.4,35.56,0
20100520,-,34.99,42.69,34.48,40.36,0
20100521,-,40.76,43.97,38.98,39.31,0
20100524,-,37.38,39.23,36.32,36.32,0
20100525,-,38.82,39.47,37.36,37.46,0
20100526,-,35.69,35.69,32.62,33.71,0
20100527,-,31.56,31.58,29.04,29.04,0
20100528,-,28.47,28.86,27.42,28.23,0
20100531,-,28.53,28.56,28.03,28.39,0
20100601,-,29.35,31.22,28.38,28.86,0
20100602,-,29.35,30.28,28.52,28.6,0
20100603,-,26.39,26.63,25.88,26.58,0
20100604,-,26.09,29.59,25.42,29.31,0
20100607,-,31.77,32.28,30.0,31.27,0
20100608,-,30.96,32.99,30.91,32.16,0
20100609,-,30.67,32.13,27.74,27.84,0
20100610,-,27.73,28.31,25.46,26.06,0
20100611,-,25.41,25.87,24.3,24.92,0
20100614,-,24.6,24.66,23.43,23.64,0
20100615,-,23.73,23.88,22.35,22.63,0
20100616,-,22.35,23.52,22.24,22.59,0
20100617,-,23.11,23.4,22.51,22.96,0
20100618,-,22.56,22.77,21.11,21.61,0
20100621,-,21.24,22.45,21.16,22.0,0
20100622,-,22.33,23.1,21.87,22.11,0
20100623,-,23.08,23.95,22.32,23.46,0
20100624,-,23.21,25.17,23.19,24.98,0
20100625,-,25.29,26.25,24.84,25.86,0
20100628,-,26.3,26.62,25.05,25.14,0
20100629,-,26.12,29.22,25.9,28.92,0
20100630,-,29.19,29.19,28.07,28.28,0
20100701,-,29.01,29.46,27.7,28.75,0
20100702,-,27.89,28.25,26.12,26.77,0
20100705,-,26.79,26.85,26.04,26.17,0
20100706,-,25.64,25.66,23.69,24.42,0
20100707,-,24.47,25.29,23.32,23.45,0
20100708,-,22.88,22.9,22.13,22.29,0
20100709,-,21.75,21.88,21.45,21.74,0
20100712,-,22.24,22.52,21.8,22.43,0
20100713,-,21.99,22.07,20.48,20.66,0
20100714,-,20.56,21.83,20.38,21.35,0
20100715,-,20.62,21.69,19.91,21.46,0
20100716,-,21.17,22.63,20.29,21.43,0
20100719,-,22.86,22.98,20.99,22.0,0
20100720,-,21.95,23.83,21.78,22.22,0
20100721,-,21.57,22.38,21.08,22.16,0
20100722,-,22.52,22.55,21.37,21.73,0
20100723,-,22.05,22.51,21.27,22.09,0
20100726,-,22.63,23.28,22.24,22.35,0
20100727,-,21.61,21.98,20.91,21.62,0
20100728,-,21.17,22.1,21.06,21.71,0
20100729,-,21.34,21.79,20.26,21.79,0
20100730,-,21.74,23.34,21.3,21.81,0
20100802,-,22.12,22.22,20.9,21.14,0
20100803,-,21.16,21.83,20.95,21.12,0
20100804,-,21.43,22.09,20.67,21.07,0
20100805,-,21.37,21.46,20.41,21.24,0
20100806,-,20.83,23.01,20.58,22.72,0
20100809,-,22.75,22.84,22.13,22.21,0
20100810,-,22.57,24.11,22.57,23.58,0
20100811,-,24.26,25.57,24.17,25.35,0
20100812,-,25.15,26.2,24.83,25.09,0
20100813,-,24.27,26.49,23.97,25.11,0
20100816,-,25.55,26.49,25.17,25.64,0
20100817,-,25.04,25.06,23.51,23.69,0
20100818,-,24.02,24.56,23.03,23.32,0
20100819,-,22.83,25.32,22.62,25.24,0
20100820,-,25.25,26.14,25.11,25.22,0
20100823,-,25.77,25.96,24.21,24.81,0
20100824,-,25.34,26.45,25.17,25.35,0
20100825,-,25.52,26.59,24.8,25.25,0
20100826,-,24.97,25.17,24.41,24.85,0
20100827,-,24.95,25.36,23.67,23.75,0
20100830,-,24.11,24.83,23.95,24.55,0
20100831,-,25.57,25.58,24.43,24.51,0
20100901,-,24.16,24.52,21.72,21.9,0
20100902,-,21.96,22.23,21.54,21.57,0
20100903,-,21.49,22.67,20.04,20.65,0
20100906,-,20.91,20.93,20.47,20.56,0
20100907,-,20.96,21.7,20.91,21.18,0
20100908,-,21.35,22.08,20.64,20.76,0
20100909,-,20.94,21.22,19.93,20.32,0
20100910,-,20.24,20.69,20.18,20.32,0
20100913,-,20.41,20.42,19.24,19.43,0
20100914,-,19.51,20.16,19.32,19.39,0
20100915,-,19.69,20.5,19.68,19.76,0
20100916,-,19.83,20.3,19.71,20.21,0
20100917,-,19.59,21.14,19.38,20.09,0
20100920,-,20.73,20.84,19.9,20.05,0
20100921,-,20.09,20.87,19.89,20.87,0
20100922,-,20.48,21.56,20.48,20.9,0
20100923,-,20.42,22.06,20.35,21.09,0
20100924,-,21.17,21.34,19.35,19.52,0
20100927,-,20.02,20.26,19.87,20.12,0
20100928,-,20.69,21.32,20.05,20.27,0
20100929,-,20.0,20.98,19.99,20.62,0
20100930,-,21.18,21.31,20.29,21.24,0
20101001,-,20.75,21.73,20.54,21.67,0
20101004,-,22.32,22.88,22.24,22.6,0
20101005,-,22.61,22.72,21.17,21.28,0
20101006,-,21.09,21.09,20.02,20.41,0
20101007,-,20.57,21.04,19.81,20.08,0
20101008,-,20.39,20.39,18.7,18.74,0
20101011,-,19.22,19.32,18.41,18.53,0
20101012,-,19.12,19.48,18.48,18.68,0
20101013,-,18.45,18.45,17.63,17.73,0
20101014,-,16.43,17.02,15.88,17.02,0
20101015,-,17.23,18.02,17.0,17.3,0
20101018,-,18.65,18.74,17.88,18.01,0
20101019,-,18.29,18.7,17.65,18.58,0
20101020,-,18.68,18.87,17.75,17.81,0
20101021,-,17.91,18.48,17.37,18.48,0
20101022,-,18.32,18.71,18.18,18.7,0
20101025,-,19.2,19.59,19.12,19.56,0
20101026,-,19.59,20.27,19.52,19.62,0
20101027,-,20.26,21.06,19.99,20.92,0
20101028,-,20.47,20.75,20.01,20.27,0
20101029,-,20.25,20.74,19.87,20.01,0
20101101,-,20.35,21.26,20.1,21.13,0
20101102,-,21.29,21.29,20.63,20.93,0
20101103,-,20.95,21.62,20.57,21.58,0
20101104,-,19.28,19.32,18.63,18.69,0
20101105,-,18.6,19.08,17.87,18.34,0
20101108,-,18.96,18.97,18.48,18.51,0
20101109,-,18.59,18.68,17.9,18.07,0
20101110,-,18.33,19.74,18.21,18.93,0
20101111,-,18.74,19.82,18.7,19.13,0
20101112,-,20.63,20.63,18.65,19.21,0
20101115,-,20.31,20.39,18.92,19.06,0
20101116,-,19.58,21.19,19.56,21.01,0
20101117,-,21.02,21.16,20.42,20.46,0
20101118,-,19.65,19.66,18.77,18.83,0
20101119,-,18.24,18.96,18.0,18.02,0
20101122,-,17.73,19.58,17.67,19.44,0
20101123,-,20.37,22.64,19.91,22.05,0
20101124,-,21.7,22.21,20.41,20.43,0
20101125,-,20.18,20.3,19.59,19.73,0
20101126,-,20.34,22.88,20.24,21.99,0
20101129,-,22.02,24.98,21.49,24.72,0
20101130,-,24.46,26.34,24.43,25.28,0
20101201,-,24.07,24.35,22.63,22.75,0
20101202,-,22.35,23.02,21.14,21.14,0
20101203,-,21.17,21.25,19.69,19.78,0
20101206,-,20.3,20.52,19.73,19.9,0
20101207,-,19.44,19.64,18.71,19.18,0
20101208,-,19.4,19.6,19.01,19.32,0
20101209,-,18.95,19.46,18.82,19.26,0
20101210,-,18.97,19.08,18.31,18.33,0
20101213,-,18.51,18.51,17.4,17.46,0
20101214,-,17.35,17.59,17.05,17.06,0
20101215,-,17.28,18.8,16.59,16.62,0
20101216,-,15.14,16.24,14.91,15.79,0
20101217,-,15.68,16.05,15.3,15.67,0
20101220,-,16.43,16.43,15.36,15.92,0
20101221,-,15.57,15.59,15.24,15.43,0
20101222,-,15.5,15.73,15.39,15.56,0
20101223,-,15.54,16.51,15.53,16.41,0
20101227,-,19.17,19.27,18.91,19.06,0
20101228,-,18.88,19.33,18.87,19.15,0
20101229,-,18.99,18.99,18.59,18.69,0
20101230,-,18.61,20.13,18.61,19.96,0
20110103,-,20.6,20.63,19.94,20.33,0
20110104,-,20.24,20.6,19.38,19.81,0
20110105,-,19.88,21.1,19.65,19.68,0
20110106,-,19.44,19.59,18.63,19.36,0
20110107,-,19.34,20.08,19.18,19.68,0
20110110,-,20.61,21.51,20.5,20.85,0
20110111,-,20.67,20.74,19.18,19.29,0
20110112,-,18.93,18.93,18.11,18.11,0
20110113,-,18.11,18.16,17.74,17.87,0
20110114,-,17.99,18.1,17.01,17.03,0
20110117,-,17.64,17.71,16.92,16.99,0
20110118,-,16.71,16.71,15.89,16.15,0
20110119,-,16.09,17.2,15.93,17.17,0
20110120,-,17.35,18.2,17.19,17.99,0
20110121,-,17.71,17.84,16.23,16.75,0
20110124,-,17.31,18.05,17.27,17.27,0
20110125,-,17.05,17.74,17.0,17.72,0
20110126,-,17.4,17.44,16.74,17.12,0
20110127,-,17.24,17.27,16.29,16.47,0
20110128,-,16.62,17.32,16.31,17.32,0
20110131,-,18.54,19.41,17.7,17.76,0
20110201,-,17.33,17.53,16.75,17.02,0
20110202,-,16.77,17.07,16.62,16.86,0
20110203,-,17.03,17.34,16.82,16.86,0
20110204,-,16.69,16.74,16.04,16.05,0
20110207,-,16.48,16.6,15.75,15.82,0
20110208,-,15.78,15.86,15.31,15.6,0
20110209,-,15.61,15.78,15.18,15.57,0
20110210,-,15.54,16.33,15.52,15.54,0
20110211,-,15.85,16.06,15.44,15.55,0
20110214,-,15.67,16.11,15.64,15.98,0
20110215,-,15.95,16.18,15.52,15.83,0
20110216,-,15.72,15.75,15.13,15.31,0
20110217,-,15.5,16.94,15.43,16.65,0
20110218,-,16.53,16.84,15.89,15.93,0
20110221,-,16.76,18.03,16.27,17.92,0
20110222,-,18.76,19.57,18.14,18.48,0
20110223,-,18.86,20.55,18.56,20.37,0
20110224,-,21.65,22.16,20.6,20.73,0
20110225,-,20.82,20.92,19.42,19.54,0
20110228,-,20.27,20.52,18.89,19.51,0
20110301,-,18.87,21.1,18.49,20.44,0
20110302,-,21.51,22.06,20.47,20.65,0
20110303,-,20.45,20.6,19.23,20.11,0
20110304,-,19.72,20.43,18.85,20.19,0
20110307,-,21.42,21.43,19.81,21.25,0
20110308,-,20.74,22.08,20.48,20.62,0
20110309,-,20.38,21.33,19.86,21.02,0
20110310,-,21.79,22.37,21.21,21.47,0
20110311,-,22.19,22.4,21.38,21.57,0
20110314,-,23.51,23.93,22.31,23.33,0
20110315,-,26.1,33.56,25.95,26.49,0
20110316,-,25.54,30.44,25.14,30.02,0
20110317,-,28.89,30.47,26.48,27.12,0
20110318,-,25.2,26.05,23.69,25.69,0
20110321,-,23.95,23.97,22.49,22.49,0
20110322,-,21.71,22.15,20.79,22.1,0
20110323,-,22.25,23.08,21.8,21.82,0
20110324,-,21.76,21.77,19.58,19.8,0
20110325,-,19.47,20.12,19.26,19.81,0
20110328,-,20.75,20.98,20.04,20.39,0
20110329,-,20.22,21.69,20.06,20.85,0
20110330,-,19.92,20.2,19.45,19.51,0
20110331,-,19.28,19.75,19.14,19.61,0
20110401,-,19.08,19.13,17.78,18.07,0
20110404,-,18.57,18.58,18.16,18.4,0
20110405,-,18.4,19.31,18.27,18.67,0
20110406,-,18.52,18.76,17.77,17.98,0
20110407,-,18.04,18.7,17.58,18.67,0
20110408,-,18.06,18.12,17.6,17.96,0
20110411,-,18.18,18.73,17.6,17.73,0
20110412,-,18.61,19.8,18.08,19.46,0
20110413,-,19.06,19.06,17.82,18.38,0
20110414,-,17.7,18.78,17.58,17.95,0
20110415,-,17.77,18.06,16.36,16.51,0
20110418,-,17.59,20.56,17.35,20.04,0
20110419,-,19.44,19.47,18.64,19.08,0
20110420,-,17.85,17.86,16.33,17.73,0
20110421,-,17.25,17.26,16.67,16.94,0
20110426,-,18.32,18.34,17.35,17.37,0
20110427,-,17.41,17.62,16.86,17.36,0
20110428,-,17.0,17.35,16.94,17.26,0
20110429,-,17.32,17.4,16.52,16.53,0
20110502,-,16.98,17.6,16.83,17.6,0
20110503,-,17.75,18.77,17.74,18.31,0
20110504,-,18.56,20.95,18.16,20.94,0
20110505,-,20.57,22.1,20.33,21.22,0
20110506,-,21.13,21.26,18.81,18.85,0
20110509,-,19.77,21.14,19.33,20.75,0
20110510,-,20.28,20.34,19.51,20.04,0
20110511,-,19.63,20.22,19.2,19.75,0
20110512,-,20.58,22.33,20.58,21.07,0
20110513,-,20.57,21.61,20.28,21.43,0
20110516,-,22.8,23.69,21.8,21.95,0
20110517,-,22.37,23.36,21.81,23.25,0
20110518,-,22.48,23.47,22.3,22.41,0
20110519,-,21.59,22.05,20.44,21.38,0
20110520,-,20.84,22.64,19.91,22.45,0
20110523,-,24.76,24.88,23.77,23.8,0
20110524,-,23.27,23.27,21.98,22.69,0
20110525,-,23.22,23.25,21.59,21.64,0
20110526,-,20.96,21.81,20.53,21.56,0
20110527,-,20.56,21.23,20.31,20.73,0
20110530,-,20.96,20.96,20.49,20.73,0
20110531,-,19.77,19.82,18.72,18.85,0
20110601,-,18.65,19.36,18.46,19.09,0
20110602,-,19.95,20.76,19.85,20.74,0
20110603,-,20.57,21.51,20.27,20.39,0
20110606,-,20.85,21.33,20.68,20.94,0
20110607,-,20.72,20.72,20.06,20.33,0
20110608,-,20.54,21.53,20.36,20.53,0
20110609,-,20.01,20.5,18.99,19.03,0
20110610,-,18.96,20.21,18.61,20.03,0
20110613,-,20.6,20.85,19.97,20.32,0
20110614,-,19.52,19.58,18.78,19.05,0
20110615,-,19.2,20.9,19.06,20.7,0
20110616,-,21.85,22.61,21.38,21.51,0
20110617,-,22.19,23.17,20.51,21.51,0
20110620,-,23.42,23.57,22.24,22.3,0
20110621,-,21.51,21.8,20.85,21.38,0
20110622,-,20.75,20.91,20.18,20.21,0
20110623,-,20.85,22.79,20.81,22.55,0
20110624,-,21.21,22.98,20.55,22.66,0
20110627,-,23.37,23.84,23.08,23.58,0
20110628,-,23.18,24.03,22.65,23.06,0
20110629,-,22.07,22.07,20.11,20.12,0
20110630,-,19.73,19.75,17.88,17.99,0
20110701,-,17.86,17.99,16.35,16.85,0
20110704,-,17.25,17.26,16.64,16.71,0
20110705,-,16.96,17.24,16.63,17.08,0
20110706,-,17.43,18.02,17.2,17.3,0
20110707,-,17.11,17.58,16.83,16.9,0
20110708,-,16.66,18.39,16.54,18.27,0
20110711,-,19.58,21.63,19.55,21.21,0
20110712,-,23.94,24.97,22.13,22.19,0
20110713,-,21.84,21.85,20.42,20.58,0
20110714,-,21.0,21.9,20.55,21.71,0
20110715,-,22.8,23.47,20.95,21.6,0
20110718,-,23.32,24.68,23.3,24.19,0
20110719,-,23.61,23.65,22.3,23.07,0
20110720,-,22.27,23.0,21.66,22.35,0
20110721,-,22.12,23.78,19.45,19.76,0
20110722,-,18.75,19.1,17.84,18.32,0
20110725,-,19.74,19.86,19.1,19.23,0
20110726,-,18.93,19.95,18.87,19.21,0
20110727,-,19.91,21.34,19.6,20.88,0
20110728,-,22.09,23.4,21.66,21.7,0
20110729,-,22.9,23.77,22.24,22.72,0
20110801,-,21.19,24.56,21.19,24.37,0
20110802,-,25.3,26.19,25.0,26.05,0
20110803,-,27.4,27.93,25.15,26.09,0
20110804,-,24.97,31.0,24.97,30.06,0
20110805,-,32.47,35.48,30.91,35.33,0
20110808,-,35.51,42.7,34.69,41.58,0
20110809,-,41.44,54.61,41.28,45.81,0
20110810,-,43.57,50.03,41.05,48.75,0
20110811,-,47.14,52.33,45.54,47.79,0
20110812,-,47.63,47.88,43.83,44.42,0
20110815,-,42.11,42.5,38.31,38.91,0
20110816,-,39.52,40.65,36.78,36.84,0
20110817,-,37.2,37.47,32.9,33.27,0
20110818,-,34.02,44.19,33.72,43.97,0
20110819,-,47.47,52.0,43.9,46.06,0
20110822,-,46.51,46.51,42.81,45.7,0
20110823,-,42.71,44.71,41.19,43.09,0
20110824,-,42.26,42.83,39.91,40.64,0
20110825,-,39.05,43.81,38.59,42.75,0
20110826,-,43.97,46.79,41.76,42.01,0
20110829,-,41.25,41.26,38.31,38.87,0
20110830,-,36.92,38.38,36.38,37.15,0
20110831,-,36.6,36.63,33.46,34.9,0
20110901,-,34.94,37.72,34.93,36.2,0
20110902,-,37.53,40.1,37.48,38.71,0
20110905,-,42.46,45.47,42.28,44.62,0
20110906,-,44.34,45.94,43.4,44.76,0
20110907,-,43.47,43.47,41.48,41.54,0
20110908,-,40.56,41.63,39.78,40.08,0
20110909,-,39.89,45.21,39.75,45.16,0
20110912,-,47.88,50.35,47.78,48.66,0
20110913,-,47.98,50.0,46.05,46.49,0
20110914,-,46.96,47.1,44.97,45.17,0
20110915,-,44.19,44.34,41.97,42.73,0
20110916,-,41.44,42.9,40.32,42.7,0
20110919,-,45.26,46.33,44.49,44.93,0
20110920,-,44.64,44.69,41.95,42.0,0
20110921,-,42.28,43.64,41.58,43.63,0
20110922,-,44.94,47.67,44.78,46.91,0
20110923,-,46.53,49.07,46.35,48.56,0
20110926,-,50.27,50.27,48.53,49.96,0
20110927,-,48.15,48.15,46.26,46.58,0
20110928,-,45.95,47.1,45.23,46.35,0
20110929,-,46.87,47.09,44.19,45.07,0
20110930,-,45.34,47.12,44.93,47.05,0
20111003,-,50.22,50.22,48.78,49.14,0
20111004,-,50.18,51.68,50.15,50.74,0
20111005,-,50.04,50.44,46.72,46.84,0
20111006,-,45.54,45.87,44.34,44.34,0
20111007,-,43.44,43.45,41.11,41.75,0
20111010,-,42.46,42.52,38.86,39.31,0
20111011,-,38.58,39.47,38.05,38.32,0
20111012,-,38.27,38.6,35.87,36.34,0
20111013,-,36.38,38.73,35.53,38.56,0
20111014,-,38.51,38.75,35.15,35.64,0
20111017,-,35.52,38.47,33.63,38.02,0
20111018,-,40.53,40.68,38.56,38.93,0
20111019,-,38.31,39.32,37.4,39.17,0
20111020,-,40.86,43.09,40.19,42.9,0
20111021,-,43.08,43.1,39.2,40.33,0
20111024,-,39.1,39.62,37.54,37.54,0
20111025,-,37.43,38.03,35.3,37.04,0
20111026,-,37.21,37.99,35.51,37.11,0
20111027,-,32.61,32.62,30.59,30.59,0
20111028,-,29.87,30.59,28.85,30.31,0
20111031,-,32.1,33.68,32.05,33.68,0
20111101,-,39.17,42.71,37.82,42.07,0
20111102,-,39.91,43.32,39.56,41.55,0
20111103,-,43.03,43.03,39.55,39.8,0
20111104,-,38.96,40.93,38.02,40.49,0
20111107,-,42.54,43.76,41.01,41.9,0
20111108,-,40.7,40.72,38.87,40.32,0
20111109,-,38.6,42.78,38.39,41.63,0
20111110,-,43.44,43.83,41.19,43.16,0
20111111,-,42.3,42.3,39.38,39.6,0
20111114,-,38.52,40.08,38.34,38.75,0
20111115,-,39.17,41.33,38.24,38.44,0
20111116,-,38.24,39.11,36.55,37.09,0
20111117,-,36.64,38.83,36.55,37.31,0
20111118,-,37.58,37.83,35.91,36.74,0
20111121,-,38.13,39.39,37.76,38.25,0
20111122,-,37.17,37.82,36.12,36.89,0
20111123,-,37.03,37.9,36.06,37.9,0
20111124,-,37.16,38.85,36.57,37.52,0
20111125,-,37.45,38.26,37.42,37.95,0
20111128,-,37.61,37.61,36.42,36.61,0
20111129,-,36.52,36.79,35.46,35.69,0
20111130,-,35.72,36.19,33.25,33.85,0
20111201,-,33.95,34.77,33.42,33.93,0
20111202,-,33.2,33.23,32.19,32.97,0
20111205,-,33.68,33.96,32.87,33.3,0
20111206,-,34.12,34.54,33.71,34.21,0
20111207,-,34.01,35.68,33.85,34.75,0
20111208,-,34.67,36.27,34.25,36.26,0
20111209,-,35.83,35.86,33.02,33.04,0
20111212,-,33.29,34.03,32.68,33.97,0
20111213,-,33.35,33.72,32.0,32.12,0
20111214,-,32.14,32.38,31.26,32.36,0
20111215,-,30.65,31.14,29.72,29.75,0
20111216,-,29.65,29.69,27.58,28.43,0
20111219,-,30.12,30.2,28.32,29.02,0
20111220,-,28.78,28.91,27.2,27.63,0
20111221,-,27.47,28.47,26.94,28.44,0
20111222,-,27.98,28.03,27.18,27.57,0
20111223,-,27.46,27.56,26.92,26.94,0
20111227,-,28.32,28.37,27.93,27.95,0
20111228,-,28.23,29.77,28.12,29.63,0
20111229,-,29.99,30.65,29.86,30.01,0
20111230,-,29.73,30.48,29.71,30.39,0
20120102,-,30.84,30.84,29.35,29.38,0
20120103,-,28.33,28.86,27.9,27.91,0
20120104,-,27.97,28.91,27.9,28.62,0
20120105,-,28.63,29.58,28.58,28.72,0
20120106,-,28.4,28.6,27.51,28.23,0
20120109,-,29.17,29.2,28.3,28.5,0
20120110,-,27.92,27.92,26.69,26.79,0
20120111,-,26.68,26.83,26.19,26.62,0
20120112,-,26.71,27.01,25.93,26.4,0
20120113,-,25.81,27.73,25.42,26.6,0
20120116,-,27.28,27.29,25.76,25.77,0
20120117,-,25.18,25.34,24.54,24.96,0
20120118,-,25.08,25.42,24.51,25.04,0
20120119,-,25.15,25.47,24.85,25.08,0
20120120,-,25.26,25.31,23.29,23.7,0
20120123,-,24.65,25.05,23.95,24.23,0
20120124,-,24.7,25.2,24.35,24.36,0
20120125,-,24.07,24.83,23.95,24.05,0
20120126,-,23.74,23.78,22.84,23.18,0
20120127,-,23.35,23.67,22.84,23.44,0
20120130,-,25.14,26.11,25.11,25.83,0
20120131,-,25.68,25.81,24.99,25.8,0
20120201,-,25.56,25.56,24.08,24.3,0
20120202,-,23.92,24.34,23.75,23.79,0
20120203,-,23.7,23.78,22.54,22.58,0
20120206,-,23.4,24.11,23.4,23.72,0
20120207,-,23.56,24.86,23.55,24.2,0
20120208,-,24.09,24.74,23.78,24.72,0
20120209,-,24.73,24.97,23.68,24.79,0
20120210,-,25.48,27.49,25.37,26.72,0
20120213,-,26.6,26.6,25.84,25.97,0
20120214,-,25.49,26.02,24.65,25.39,0
20120215,-,24.67,25.61,24.12,25.55,0
20120216,-,26.85,27.11,26.2,26.29,0
20120217,-,25.26,25.32,23.54,24.14,0
20120220,-,24.61,24.61,23.2,23.84,0
20120221,-,23.84,24.34,23.5,23.7,0
20120222,-,23.71,24.35,23.59,23.97,0
20120223,-,23.83,24.83,23.14,23.92,0
20120224,-,23.41,23.41,22.78,22.86,0
20120227,-,24.13,24.87,23.78,23.84,0
20120228,-,23.87,24.09,23.22,23.24,0
20120229,-,23.04,23.16,22.14,23.16,0
20120301,-,23.37,23.37,22.0,22.06,0
20120302,-,21.83,21.93,21.4,21.63,0
20120305,-,22.58,23.36,22.38,22.75,0
20120306,-,23.11,26.82,23.1,26.82,0
20120307,-,27.19,27.84,26.93,27.19,0
20120308,-,26.68,26.68,24.45,24.46,0
20120309,-,23.69,23.69,22.17,22.48,0
20120312,-,23.22,23.31,22.19,22.23,0
20120313,-,21.59,21.59,20.73,20.75,0
20120314,-,20.54,20.58,19.86,20.11,0
20120315,-,19.1,19.2,18.52,18.73,0
20120316,-,18.34,18.61,17.1,18.53,0
20120319,-,19.55,19.74,18.47,18.5,0
20120320,-,19.12,20.33,18.93,20.01,0
20120321,-,19.25,20.56,19.07,19.64,0
20120322,-,20.03,22.06,19.87,21.03,0
20120323,-,20.61,22.0,20.0,20.47,0
20120326,-,20.88,21.46,19.17,19.45,0
20120327,-,18.89,19.92,18.73,19.79,0
20120328,-,20.07,20.82,19.52,20.77,0
20120329,-,20.76,23.46,20.55,22.93,0
20120330,-,22.07,22.09,20.96,20.96,0
20120402,-,20.57,21.42,19.87,19.9,0
20120403,-,19.89,20.53,19.36,20.51,0
20120404,-,21.32,24.51,21.32,24.39,0
20120405,-,23.43,25.62,23.09,24.06,0
20120410,-,26.4,28.34,25.73,28.33,0
20120411,-,27.74,28.42,26.68,27.4,0
20120412,-,26.84,27.53,25.68,25.86,0
20120413,-,25.49,27.51,25.35,27.14,0
20120416,-,28.29,28.29,26.4,26.87,0
20120417,-,26.51,26.51,24.13,24.28,0
20120418,-,24.31,25.25,23.92,25.12,0
20120419,-,24.82,25.8,24.11,25.42,0
20120420,-,25.3,25.78,23.58,23.65,0
20120423,-,25.54,27.98,25.54,27.71,0
20120424,-,27.49,27.96,26.75,26.88,0
20120425,-,26.2,26.21,25.22,25.41,0
20120426,-,25.16,25.51,24.34,24.34,0
20120427,-,25.18,25.32,22.4,22.48,0
20120430,-,22.78,23.42,22.41,23.25,0
20120502,-,22.79,24.84,22.59,24.51,0
20120503,-,24.08,25.32,23.66,24.66,0
20120504,-,25.12,26.43,24.86,26.31,0
20120507,-,28.41,28.47,26.69,26.7,0
20120508,-,26.72,28.29,26.33,28.0,0
20120509,-,27.81,29.52,27.79,27.9,0
20120510,-,27.37,28.39,26.76,26.86,0
20120511,-,27.15,27.21,25.1,25.2,0
20120514,-,27.15,29.26,27.14,28.21,0
20120515,-,27.99,29.31,27.56,29.23,0
20120516,-,30.31,30.69,28.47,29.31,0
20120517,-,29.15,31.06,29.07,30.44,0
20120518,-,31.72,31.73,28.8,29.55,0
20120521,-,30.14,30.14,27.82,27.83,0
20120522,-,26.84,27.12,26.06,26.31,0
20120523,-,27.25,29.11,27.01,28.89,0
20120524,-,28.45,29.19,27.77,28.04,0
20120525,-,27.43,27.94,26.74,27.23,0
20120528,-,27.47,28.34,27.3,28.2,0
20120529,-,27.89,28.44,27.17,27.62,0
20120530,-,28.3,30.37,28.07,29.89,0
20120531,-,29.82,30.76,29.55,30.34,0
20120601,-,30.54,32.96,30.12,32.4,0
20120604,-,34.84,35.06,32.99,33.25,0
20120605,-,32.71,33.15,31.36,31.44,0
20120606,-,30.82,30.82,29.03,29.07,0
20120607,-,28.32,28.9,27.65,28.9,0
20120608,-,29.14,29.36,28.25,28.44,0
20120611,-,27.62,28.63,27.22,28.4,0
20120612,-,29.65,31.2,29.28,30.14,0
20120613,-,29.9,31.86,29.7,31.57,0
20120614,-,32.27,33.25,31.71,31.71,0
20120615,-,31.09,32.15,29.73,32.08,0
20120618,-,29.03,29.47,27.46,27.63,0
20120619,-,26.62,26.62,24.56,24.76,0
20120620,-,24.59,25.0,24.02,24.06,0
20120621,-,23.75,23.78,22.34,23.37,0
20120622,-,24.15,24.25,22.94,23.71,0
20120625,-,25.53,26.64,25.53,26.16,0
20120626,-,26.09,26.64,25.41,26.4,0
20120627,-,26.15,26.28,25.08,25.22,0
20120628,-,25.03,26.71,24.97,25.98,0
20120629,-,24.32,24.83,22.83,22.83,0
20120702,-,23.13,23.13,21.9,22.3,0
20120703,-,21.87,21.9,20.59,20.59,0
20120704,-,20.58,21.9,20.58,21.9,0
20120705,-,22.08,23.44,21.6,22.22,0
20120706,-,22.44,23.35,22.2,23.33,0
20120709,-,23.96,24.58,23.7,23.84,0
20120710,-,23.89,24.25,22.1,22.4,0
20120711,-,22.72,22.75,21.72,21.83,0
20120712,-,22.33,22.9,22.08,22.11,0
20120713,-,21.86,21.89,20.32,20.5,0
20120716,-,20.92,20.96,20.17,20.19,0
20120717,-,20.05,20.26,19.6,19.96,0
20120718,-,19.56,19.58,18.35,18.81,0
20120719,-,18.68,19.23,18.59,19.08,0
20120720,-,19.04,21.85,18.53,21.81,0
20120723,-,24.6,28.98,24.6,26.51,0
20120724,-,26.72,27.08,25.68,26.67,0
20120725,-,26.75,26.76,25.0,26.0,0
20120726,-,25.95,26.54,23.72,24.88,0
20120727,-,24.04,25.31,23.91,24.44,0
20120730,-,24.67,24.67,23.58,24.01,0
20120731,-,24.27,24.66,23.46,24.49,0
20120801,-,24.41,25.11,23.61,24.98,0
20120802,-,25.17,25.2,22.58,23.68,0
20120803,-,23.05,23.05,21.16,21.28,0
20120806,-,21.54,21.63,20.88,21.09,0
20120807,-,21.13,21.25,20.51,20.65,0
20120808,-,20.79,21.52,20.64,20.67,0
20120809,-,20.6,21.15,20.42,20.5,0
20120810,-,20.51,20.7,19.76,19.94,0
20120813,-,20.56,20.72,20.06,20.57,0
20120814,-,20.22,20.45,19.97,20.18,0
20120815,-,20.32,21.1,20.09,20.26,0
20120816,-,19.54,20.02,19.03,19.19,0
20120817,-,19.0,19.28,17.87,17.9,0
20120820,-,18.72,19.24,18.01,19.0,0
20120821,-,18.9,19.66,18.67,19.59,0
20120822,-,21.14,22.98,21.1,22.93,0
20120823,-,22.57,23.63,22.03,22.62,0
20120824,-,22.49,23.33,22.35,22.61,0
20120827,-,23.55,23.57,22.08,22.17,0
20120828,-,22.45,23.05,22.45,22.68,0
20120829,-,23.01,23.8,22.95,23.27,0
20120830,-,23.67,25.41,23.5,24.71,0
20120831,-,25.03,25.05,23.31,23.7,0
20120903,-,24.33,24.34,23.86,23.88,0
20120904,-,24.06,24.85,23.81,24.55,0
20120905,-,24.73,25.41,24.02,24.28,0
20120906,-,24.09,24.1,20.79,20.93,0
20120907,-,20.09,20.09,19.42,19.45,0
20120910,-,20.06,20.53,19.9,20.32,0
20120911,-,20.78,21.57,20.37,20.67,0
20120912,-,20.82,21.2,19.73,20.27,0
20120913,-,20.33,20.63,20.04,20.36,0
20120914,-,18.74,18.98,18.34,18.74,0
20120917,-,19.48,19.48,19.01,19.09,0
20120918,-,19.06,19.61,18.69,18.76,0
20120919,-,18.29,18.6,17.87,17.97,0
20120920,-,18.74,18.77,17.88,18.18,0
20120921,-,17.97,18.0,17.33,17.95,0
20120924,-,18.74,18.96,18.4,18.4,0
20120925,-,18.61,18.88,18.39,18.47,0
20120926,-,19.26,20.4,19.23,19.85,0
20120927,-,19.88,20.09,19.47,19.98,0
20120928,-,19.29,20.25,18.87,20.25,0
20121001,-,20.7,20.7,19.56,19.68,0
20121002,-,20.18,20.24,19.12,19.6,0
20121003,-,19.63,19.64,18.75,18.9,0
20121004,-,18.24,19.05,18.18,18.9,0
20121005,-,18.36,18.48,17.42,17.7,0
20121008,-,18.33,18.82,18.31,18.42,0
20121009,-,18.45,19.35,18.25,19.13,0
20121010,-,19.21,19.38,18.91,18.95,0
20121011,-,18.91,18.91,17.86,18.09,0
20121012,-,17.9,18.0,17.26,18.0,0
20121015,-,18.21,18.36,17.76,17.89,0
20121016,-,17.47,17.74,17.0,17.24,0
20121017,-,17.13,17.35,16.91,16.96,0
20121018,-,16.78,16.9,16.29,16.31,0
20121019,-,16.45,17.25,16.31,17.25,0
20121022,-,18.23,18.52,17.94,18.34,0
20121023,-,18.2,20.58,18.2,20.2,0
20121024,-,20.07,21.3,19.82,20.0,0
20121025,-,19.86,19.86,18.86,19.37,0
20121026,-,19.57,19.99,18.72,19.03,0
20121029,-,19.86,20.23,19.5,19.97,0
20121030,-,19.56,19.56,18.79,18.85,0
20121031,-,18.28,18.91,17.98,18.91,0
20121101,-,18.89,19.25,17.96,18.15,0
20121102,-,17.87,18.04,17.13,17.58,0
20121105,-,18.54,18.85,18.35,18.66,0
20121106,-,18.69,18.91,18.17,18.24,0
20121107,-,17.55,20.08,17.33,20.07,0
20121108,-,19.52,20.29,19.13,19.92,0
20121109,-,20.06,22.32,20.01,20.4,0
20121112,-,20.84,20.98,20.22,20.41,0
20121113,-,20.7,21.0,19.52,19.6,0
20121114,-,19.71,20.07,19.14,19.52,0
20121115,-,20.19,20.7,19.85,20.51,0
20121116,-,20.18,21.51,19.8,21.46,0
20121119,-,20.42,20.48,18.42,18.56,0
20121120,-,18.26,18.36,17.27,17.28,0
20121121,-,17.54,17.6,16.67,16.76,0
20121122,-,16.35,16.75,16.16,16.26,0
20121123,-,16.24,16.81,15.97,16.14,0
20121126,-,16.56,16.83,16.34,16.46,0
20121127,-,16.09,16.15,15.62,15.93,0
20121128,-,15.94,16.51,15.81,15.84,0
20121129,-,15.41,15.58,15.14,15.14,0
20121130,-,14.99,15.4,14.91,15.4,0
20121203,-,15.91,15.91,15.35,15.77,0
20121204,-,15.92,15.92,15.54,15.79,0
20121205,-,15.4,15.74,15.38,15.47,0
20121206,-,15.2,15.21,14.73,15.19,0
20121207,-,15.07,15.76,14.99,15.39,0
20121210,-,16.32,16.77,15.69,15.69,0
20121211,-,15.77,15.78,14.93,15.08,0
20121212,-,15.08,15.36,14.9,14.93,0
20121213,-,14.92,15.43,14.84,15.16,0
20121214,-,15.2,15.77,15.16,15.51,0
20121217,-,15.79,16.2,15.18,15.26,0
20121218,-,14.77,14.93,14.49,14.54,0
20121219,-,14.49,14.76,14.3,14.68,0
20121220,-,14.93,15.12,14.77,15.0,0
20121221,-,15.57,16.29,15.41,16.16,0
20121227,-,17.43,17.43,16.58,17.09,0
20121228,-,16.49,18.23,16.44,18.14,0
20130102,-,18.29,18.29,16.24,16.84,0
20130103,-,16.18,16.22,15.62,15.64,0
20130104,-,15.72,15.74,14.27,14.31,0
20130107,-,14.6,15.4,14.5,15.21,0
20130108,-,15.41,15.41,14.89,15.23,0
20130109,-,14.92,15.14,14.46,14.53,0
20130110,-,14.51,14.7,13.77,14.57,0
20130111,-,14.21,14.43,13.74,13.75,0
20130114,-,13.9,13.95,13.14,13.49,0
20130115,-,13.79,14.34,12.94,13.72,0
20130116,-,13.67,14.22,13.36,13.53,0
20130117,-,13.79,13.87,12.91,13.32,0
20130118,-,13.38,13.95,13.28,13.57,0
20130121,-,13.9,13.9,13.09,13.35,0
20130122,-,13.43,14.66,13.39,13.97,0
20130123,-,14.02,14.1,13.69,13.9,0
20130124,-,14.36,14.4,13.56,13.64,0
20130125,-,13.47,13.52,12.91,13.31,0
20130128,-,13.96,14.28,13.81,14.21,0
20130129,-,14.28,14.56,13.91,13.95,0
20130130,-,13.99,15.02,13.74,14.78,0
20130131,-,14.94,15.64,14.8,15.25,0
20130201,-,15.05,15.16,14.06,14.24,0
20130204,-,14.72,17.89,14.48,17.59,0
20130205,-,17.22,17.72,16.8,17.36,0
20130206,-,17.26,19.13,16.7,17.94,0
20130207,-,17.86,18.22,16.7,17.98,0
20130208,-,17.44,17.77,16.05,16.18,0
20130211,-,16.73,17.05,16.23,16.705,0
20130212,-,16.65,16.84,16.03,16.09,0
20130213,-,15.99,16.36,15.4,15.69,0
20130214,-,15.67,16.69,15.41,16.14,0
20130215,-,16.34,16.55,15.39,16.185,0
20130218,-,16.79,16.8,16.32,16.39,0
20130219,-,16.2,16.26,15.54,15.62,0
20130220,-,15.71,16.74,15.48,16.4,0
20130221,-,17.5,18.37,17.49,17.97,0
20130222,-,17.41,17.78,17.03,17.605,0
20130225,-,17.34,18.5,16.5,18.155,0
20130226,-,20.23,21.02,19.25,20.715,0
20130227,-,19.88,20.35,18.48,18.51,0
20130228,-,17.4,18.18,17.29,17.51,0
20130301,-,17.66,19.62,17.28,18.165,0
20130304,-,19.44,19.54,17.84,17.85,0
20130305,-,16.87,16.98,16.41,16.675,0
20130306,-,16.26,16.94,15.8,16.93,0
20130307,-,16.58,16.78,16.2,16.205,0
20130308,-,15.61,15.64,15.03,15.48,0
20130311,-,15.92,16.27,15.67,15.68,0
20130312,-,15.7,15.94,15.16,15.695,0
20130313,-,15.84,16.11,15.1,15.22,0
20130314,-,14.09,14.46,13.85,14.065,0
20130315,-,14.0,14.7,13.81,13.93,0
20130318,-,16.48,17.39,15.2,15.315,0
20130319,-,15.77,17.3,15.38,16.73,0
20130320,-,15.65,16.4,15.38,15.74,0
20130321,-,15.71,16.78,15.58,16.25,0
20130322,-,16.85,17.65,16.84,17.555,0
20130325,-,15.54,18.69,14.81,17.605,0
20130326,-,17.51,17.62,16.57,16.89,0
20130327,-,16.6,18.18,16.46,17.345,0
20130328,-,17.03,17.54,16.35,16.645,0
20130402,-,17.31,17.31,15.54,15.605,0
20130403,-,15.72,16.7,15.55,16.585,0
20130404,-,16.5,17.15,16.13,16.74,0
20130405,-,16.74,19.1,16.5,18.8,0
20130408,-,18.91,18.91,18.01,18.075,0
20130409,-,17.58,17.92,17.08,17.795,0
20130410,-,17.14,17.16,15.91,16.145,0
20130411,-,16.1,16.52,15.94,16.065,0
20130412,-,16.37,17.46,16.36,17.18,0
20130415,-,17.42,18.53,17.32,17.71,0
20130416,-,18.02,19.14,17.86,18.19,0
20130417,-,17.9,20.64,17.86,20.125,0
20130418,-,19.93,20.6,18.86,19.755,0
20130419,-,19.49,19.72,18.48,19.08,0
20130422,-,19.14,20.03,18.94,19.495,0
20130423,-,19.19,19.75,18.24,18.27,0
20130424,-,17.98,18.22,17.6,17.65,0
20130425,-,17.54,18.13,17.47,17.63,0
20130426,-,17.77,18.34,17.47,17.62,0
20130429,-,17.67,18.13,17.6,17.94,0
20130430,-,17.64,18.05,17.56,17.675,0
20130502,-,17.85,17.89,16.83,16.865,0
20130503,-,16.75,16.82,15.59,15.97,0
20130506,-,16.54,16.54,16.23,16.33,0
20130507,-,16.08,16.1,15.4,15.99,0
20130508,-,15.93,16.17,15.53,15.62,0
20130509,-,15.73,15.89,15.45,15.54,0
20130510,-,15.4,16.5,15.32,16.24,0
20130513,-,16.57,17.05,16.48,16.625,0
20130514,-,16.63,17.03,15.83,16.055,0
20130515,-,16.98,17.32,16.01,16.255,0
20130516,-,16.47,17.14,16.39,16.97,0
20130517,-,16.89,16.95,15.7,16.135,0
20130520,-,16.47,16.83,16.39,16.47,0
20130521,-,16.7,17.24,16.65,16.83,0
20130522,-,16.7,16.83,16.24,16.595,0
20130523,-,19.69,19.91,18.44,18.55,0
20130524,-,18.0,19.18,17.38,18.755,0
20130527,-,18.84,18.86,18.2,18.21,0
20130528,-,17.65,17.97,17.32,17.94,0
20130529,-,18.58,19.84,18.58,19.63,0
20130530,-,20.01,20.01,18.49,18.905,0
20130531,-,18.92,19.73,18.91,19.47,0
20130603,-,20.82,21.63,19.83,21.085,0
20130604,-,20.4,21.01,20.26,20.64,0
20130605,-,20.98,21.56,20.56,21.24,0
20130606,-,21.12,21.16,20.03,20.97,0
20130607,-,21.67,21.81,19.41,19.47,0
20130610,-,19.05,19.05,17.72,17.92,0
20130611,-,18.52,20.07,18.49,19.395,0
20130612,-,19.63,20.26,19.34,20.13,0
20130613,-,21.9,22.02,20.45,20.51,0
20130614,-,20.24,20.28,19.47,19.94,0
20130617,-,19.92,20.0,19.04,19.495,0
20130618,-,19.66,19.76,19.13,19.26,0
20130619,-,19.4,20.17,18.7,19.345,0
20130620,-,19.95,22.19,19.81,21.89,0
20130621,-,21.75,22.96,21.15,22.96,0
20130624,-,23.69,25.33,23.54,24.27,0
20130625,-,24.17,24.17,22.86,23.085,0
20130626,-,22.57,22.58,21.3,21.74,0
20130627,-,21.5,21.65,20.18,20.505,0
20130628,-,20.15,21.25,20.14,20.55,0
20130701,-,21.08,21.8,20.53,20.82,0
20130702,-,20.95,21.35,20.77,20.785,0
20130703,-,21.78,22.74,21.42,21.42,0
20130704,-,21.07,21.09,19.72,20.035,0
20130705,-,20.0,21.54,19.85,21.535,0
20130708,-,21.8,21.82,20.4,20.785,0
20130709,-,20.2,20.3,19.75,19.86,0
20130710,-,19.72,20.13,19.39,19.475,0
20130711,-,18.62,18.78,18.39,18.41,0
20130712,-,18.13,18.16,17.54,17.765,0
20130715,-,17.84,18.26,17.72,18.0,0
20130716,-,17.96,18.33,17.92,18.1,0
20130717,-,18.06,19.05,17.64,17.82,0
20130718,-,17.8,17.89,16.79,17.08,0
20130719,-,17.37,17.38,16.17,16.24,0
20130722,-,16.82,16.89,16.23,16.5,0
20130723,-,16.14,16.54,16.06,16.44,0
20130724,-,16.4,16.81,15.92,16.365,0
20130725,-,16.49,17.45,16.49,17.05,0
20130726,-,16.72,17.74,16.69,17.53,0
20130729,-,17.76,18.12,17.59,18.08,0
20130730,-,17.78,18.1,17.48,18.085,0
20130731,-,18.38,18.99,18.22,18.58,0
20130801,-,18.0,18.0,17.18,17.305,0
20130802,-,17.23,17.25,16.39,16.395,0
20130805,-,16.81,16.85,16.37,16.38,0
20130806,-,16.27,17.52,15.81,17.335,0
20130807,-,17.77,17.94,17.45,17.62,0
20130808,-,17.35,17.47,16.46,16.655,0
20130809,-,16.49,16.82,16.2,16.485,0
20130812,-,16.97,17.94,16.69,16.72,0
20130813,-,16.31,16.83,16.07,16.615,0
20130814,-,16.66,16.75,16.24,16.41,0
20130815,-,16.32,18.24,16.31,17.46,0
20130816,-,17.56,17.71,16.09,16.345,0
20130819,-,16.98,17.53,16.96,17.03,0
20130820,-,18.64,18.7,17.75,18.035,0
20130821,-,18.0,18.49,17.8,18.445,0
20130822,-,17.69,17.69,16.64,16.99,0
20130823,-,17.02,17.33,15.99,16.3,0
20130826,-,17.09,17.14,16.06,16.125,0
20130827,-,16.51,19.55,16.48,19.28,0
20130828,-,20.07,21.69,19.33,19.735,0
20130829,-,19.4,19.48,18.44,18.605,0
20130830,-,18.72,20.12,18.66,20.035,0
20130902,-,19.37,19.37,18.65,19.11,0
20130903,-,18.9,19.95,18.9,19.915,0
20130904,-,20.06,21.08,19.62,19.625,0
20130905,-,19.35,20.08,18.92,19.28,0
20130906,-,19.05,19.77,18.1,18.64,0
20130909,-,19.12,19.35,18.71,18.975,0
20130910,-,18.2,18.21,17.33,17.48,0
20130911,-,17.26,17.31,16.86,17.06,0
20130912,-,16.88,17.33,16.71,17.19,0
20130913,-,17.38,17.54,16.95,17.035,0
20130916,-,17.47,17.71,17.26,17.625,0
20130917,-,17.78,17.96,17.52,17.645,0
20130918,-,17.64,17.96,17.29,17.325,0
20130919,-,16.49,17.26,16.24,16.86,0
20130920,-,16.84,16.85,15.42,16.49,0
20130923,-,16.52,16.71,15.91,16.56,0
20130924,-,16.39,16.55,15.93,15.995,0
20130925,-,16.06,16.36,15.67,15.705,0
20130926,-,15.66,15.97,15.44,15.625,0
20130927,-,15.55,16.03,15.54,15.635,0
20130930,-,17.17,17.59,16.79,17.595,0
20131001,-,17.22,17.33,16.71,16.855,0
20131002,-,17.14,18.15,17.14,17.565,0
20131003,-,17.55,18.06,17.43,18.055,0
20131004,-,18.16,18.21,17.53,17.76,0
20131007,-,19.45,19.52,18.37,18.525,0
20131008,-,18.65,19.22,18.52,19.15,0
20131009,-,19.51,20.81,19.02,20.715,0
20131010,-,19.66,19.66,18.28,18.37,0
20131011,-,18.0,18.07,17.18,17.185,0
20131014,-,18.18,18.58,18.05,18.35,0
20131015,-,17.71,17.72,16.65,16.74,0
20131016,-,17.32,17.63,16.71,16.77,0
20131017,-,16.08,16.63,15.56,15.58,0
20131018,-,15.4,15.41,14.13,14.13,0
20131021,-,14.84,14.87,14.43,14.43,0
20131022,-,14.55,14.57,13.88,14.395,0
20131023,-,14.75,15.53,14.75,15.33,0
20131024,-,14.8,14.95,14.68,14.735,0
20131025,-,14.81,14.86,14.3,14.395,0
20131028,-,14.87,15.48,14.8,15.14,0
20131029,-,15.28,15.28,14.54,14.585,0
20131030,-,14.67,15.61,14.55,15.38,0
20131031,-,14.82,15.13,14.77,14.915,0
20131101,-,14.92,15.09,14.51,15.015,0
20131104,-,15.19,15.44,14.99,15.04,0
20131105,-,14.98,15.77,14.9,15.24,0
20131106,-,14.95,15.22,14.66,15.125,0
20131107,-,15.07,15.38,14.0,15.31,0
20131108,-,15.95,16.31,15.35,15.515,0
20131111,-,15.73,15.78,15.02,15.105,0
20131112,-,15.07,15.46,14.95,15.315,0
20131113,-,15.49,16.3,15.11,15.11,0
20131114,-,14.55,14.55,13.58,13.65,0
20131115,-,13.57,13.58,12.59,13.295,0
20131118,-,13.75,14.12,13.29,13.97,0
20131119,-,14.24,14.41,13.84,14.29,0
20131120,-,14.27,14.31,13.61,13.93,0
20131121,-,14.49,14.57,13.53,13.67,0
20131122,-,13.35,13.43,12.82,12.955,0
20131125,-,13.06,13.45,12.75,13.335,0
20131126,-,13.38,13.44,13.26,13.38,0
20131127,-,13.33,13.4,13.11,13.245,0
20131128,-,13.53,13.55,13.13,13.23,0
20131129,-,13.24,13.92,13.1,13.91,0
20131202,-,14.3,14.8,14.15,14.325,0
20131203,-,14.39,15.52,14.33,15.495,0
20131204,-,15.23,16.9,15.22,16.07,0
20131205,-,16.19,16.29,15.47,15.945,0
20131206,-,15.7,16.1,14.7,14.705,0
20131209,-,14.85,14.98,14.67,14.7,0
20131210,-,14.68,15.3,14.27,15.015,0
20131211,-,15.12,15.64,14.83,15.555,0
20131212,-,15.89,16.29,15.58,16.1,0
20131213,-,16.08,16.48,15.51,16.105,0
20131216,-,16.64,16.64,15.97,16.3,0
20131217,-,16.48,16.85,16.3,16.39,0
20131218,-,16.13,16.16,15.65,15.915,0
20131219,-,14.08,14.12,13.69,13.73,0
20131220,-,13.44,13.72,12.69,13.715,0
20131223,-,14.04,14.04,13.45,13.575,0
20131227,-,13.67,14.1,13.62,14.01,0
20131230,-,14.41,14.91,14.36,14.84,0
20140102,-,15.08,16.48,15.05,16.32,0
20140103,-,16.24,16.38,15.39,15.56,0
20140106,-,15.75,15.94,15.55,15.73,0
20140107,-,15.7,15.74,15.11,15.335,0
20140108,-,15.35,15.82,15.35,15.665,0
20140109,-,15.68,15.84,14.94,15.585,0
20140110,-,15.23,15.27,14.69,14.74,0
20140113,-,15.04,15.25,14.81,15.015,0
20140114,-,15.7,15.73,14.95,14.98,0
20140115,-,14.72,14.92,14.55,14.75,0
20140116,-,14.1,14.75,14.09,14.565,0
20140117,-,14.4,14.4,13.79,13.915,0
20140120,-,14.96,14.99,14.31,14.405,0
20140121,-,14.21,14.83,14.02,14.76,0
20140122,-,14.45,15.48,14.45,15.135,0
20140123,-,15.3,16.39,15.08,15.9,0
20140124,-,15.77,18.48,15.7,18.45,0
20140127,-,19.13,19.34,18.29,18.515,0
20140128,-,18.13,18.83,17.97,18.23,0
20140129,-,17.48,20.83,17.37,20.015,0
20140130,-,19.67,20.88,19.05,19.43,0
20140131,-,19.54,22.35,19.47,20.185,0
20140203,-,20.78,21.72,20.66,21.685,0
20140204,-,22.59,22.6,21.39,21.505,0
20140205,-,21.67,21.67,20.71,21.01,0
20140206,-,20.78,20.85,19.14,19.28,0
20140207,-,18.77,19.25,17.6,17.65,0
20140210,-,17.79,17.99,17.35,17.53,0
20140211,-,17.06,17.06,16.23,16.245,0
20140212,-,16.01,16.44,15.61,16.42,0
20140213,-,16.74,17.23,16.12,16.13,0
20140214,-,16.0,16.04,15.3,15.46,0
20140217,-,15.74,16.11,15.7,15.925,0
20140218,-,16.09,16.91,15.99,15.995,0
20140219,-,16.04,16.88,15.73,16.095,0
20140220,-,17.28,17.42,16.33,16.44,0
20140221,-,16.17,16.52,15.96,16.225,0
20140224,-,17.18,17.34,15.78,15.915,0
20140225,-,15.95,16.31,15.66,15.665,0
20140226,-,15.69,16.52,15.48,15.725,0
20140227,-,15.77,17.75,15.77,16.58,0
20140228,-,16.36,17.64,16.23,16.405,0
20140303,-,19.03,21.22,18.63,21.225,0
20140304,-,19.0,19.48,17.85,17.985,0
20140305,-,17.88,18.19,17.52,18.18,0
20140306,-,17.86,18.11,17.45,17.615,0
20140307,-,17.62,19.94,17.47,19.57,0
20140310,-,20.34,20.99,19.06,19.995,0
20140311,-,19.39,19.64,18.6,19.405,0
20140312,-,19.78,20.87,19.47,19.895,0
20140313,-,19.64,21.61,19.37,21.19,0
20140314,-,22.18,23.38,21.36,22.11,0
20140317,-,24.55,24.93,20.35,20.435,0
20140318,-,20.51,20.92,18.9,19.38,0
20140319,-,19.48,19.59,18.89,19.265,0
20140320,-,19.4,20.0,18.18,18.2,0
20140321,-,17.83,17.99,17.0,17.095,0
20140324,-,17.96,19.17,17.72,19.155,0
20140325,-,18.39,18.44,17.47,18.065,0
20140326,-,17.52,17.64,16.64,17.245,0
20140327,-,17.48,17.89,17.11,17.575,0
20140328,-,17.18,17.18,16.62,16.81,0
20140331,-,17.01,17.5,16.94,17.365,0
20140401,-,17.18,17.3,16.5,16.66,0
20140402,-,16.39,16.62,16.11,16.32,0
20140403,-,16.49,16.64,15.45,15.715,0
20140404,-,15.74,15.74,14.97,15.15,0
20140407,-,16.71,17.73,16.5,17.695,0
20140408,-,17.43,18.6,17.18,17.355,0
20140409,-,17.05,17.09,16.45,16.675,0
20140410,-,16.31,17.24,15.94,17.145,0
20140411,-,17.98,18.88,17.71,18.395,0
20140414,-,19.6,19.97,18.49,18.56,0
20140415,-,18.45,19.73,18.17,19.71,0
20140416,-,19.01,19.09,17.91,17.95,0
20140417,-,17.88,18.0,17.19,17.365,0
20140422,-,17.93,17.93,16.96,17.005,0
20140423,-,17.05,70.44,16.96,17.255,0
20140424,-,16.92,18.71,16.39,17.41,0
20140425,-,17.84,19.49,17.84,18.77,0
20140428,-,18.76,19.02,18.12,18.535,0
20140429,-,17.6,18.08,17.17,17.275,0
20140430,-,17.41,17.48,16.92,17.045,0
20140502,-,17.21,18.15,16.87,18.1,0
20140505,-,18.59,19.84,18.2,18.375,0
20140506,-,18.03,19.62,17.95,19.145,0
20140507,-,19.57,19.62,18.39,18.54,0
20140508,-,18.39,19.08,17.69,17.94,0
20140509,-,18.06,18.14,17.25,17.27,0
20140512,-,17.62,17.69,16.38,16.385,0
20140513,-,16.12,16.24,15.73,15.99,0
20140514,-,16.09,16.36,16.07,16.12,0
20140515,-,16.09,18.2,15.7,17.9,0
20140516,-,17.71,18.17,17.1,17.5,0
20140519,-,17.78,18.63,16.96,17.02,0
20140520,-,16.95,17.39,16.75,16.895,0
20140521,-,17.61,17.69,15.99,16.06,0
20140522,-,15.76,16.0,15.65,15.655,0
20140523,-,15.69,15.86,15.43,15.525,0
20140526,-,15.64,15.89,15.25,15.25,0
20140527,-,15.32,15.45,15.13,15.355,0
20140528,-,15.44,15.74,15.31,15.415,0
20140529,-,15.35,15.59,15.33,15.57,0
20140530,-,15.57,15.71,15.23,15.54,0
20140602,-,15.91,16.27,15.75,15.765,0
20140603,-,15.97,16.83,15.97,16.33,0
20140604,-,16.53,16.84,16.22,16.26,0
20140605,-,16.26,16.48,14.88,15.105,0
20140606,-,15.01,15.06,14.11,14.14,0
20140609,-,14.48,14.48,13.87,13.86,0
20140610,-,14.0,14.29,13.55,13.555,0
20140611,-,13.42,14.32,13.41,14.135,0
20140612,-,14.08,14.13,13.67,13.905,0
20140613,-,14.2,15.04,14.2,14.48,0
20140616,-,15.09,15.33,14.9,15.21,0
20140617,-,14.88,15.21,14.44,14.475,0
20140618,-,14.29,14.48,13.96,14.48,0
20140619,-,13.78,13.83,13.25,13.255,0
20140620,-,13.39,13.39,12.7,12.975,0
20140623,-,13.85,14.61,13.53,14.15,0
20140624,-,13.81,14.06,13.42,13.43,0
20140625,-,14.18,14.81,13.87,14.235,0
20140626,-,14.15,15.37,14.05,14.545,0
20140627,-,14.44,14.9,14.27,14.69,0
20140630,-,14.69,15.28,14.59,14.75,0
20140701,-,14.73,14.74,13.99,14.015,0
20140702,-,13.77,13.94,13.59,13.65,0
20140703,-,13.69,13.69,12.37,12.405,0
20140704,-,12.34,12.35,12.07,12.175,0
20140707,-,12.82,13.39,12.7,13.25,0
20140708,-,13.32,14.94,13.28,14.825,0
20140709,-,14.47,15.05,14.23,14.41,0
20140710,-,14.51,16.51,14.4,15.645,0
20140711,-,15.36,16.14,15.06,15.67,0
20140714,-,15.45,15.5,14.23,14.355,0
20140715,-,14.41,15.49,14.29,15.085,0
20140716,-,14.77,14.78,13.63,13.825,0
20140717,-,14.5,15.77,14.0,15.77,0
20140718,-,16.88,17.18,15.91,15.975,0
20140721,-,16.72,17.44,16.64,16.97,0
20140722,-,16.21,16.37,15.29,15.345,0
20140723,-,15.14,15.2,14.6,14.925,0
20140724,-,15.53,15.68,14.27,14.29,0
20140725,-,14.49,15.93,14.19,15.78,0
20140728,-,16.27,17.06,16.1,16.255,0
20140729,-,16.05,16.36,15.4,15.775,0
20140730,-,15.75,16.56,15.35,16.405,0
20140731,-,16.58,18.41,16.57,18.245,0
20140801,-,18.45,20.0,18.42,19.205,0
20140804,-,19.82,19.89,18.72,19.065,0
20140805,-,18.65,18.65,18.06,18.37,0
20140806,-,18.9,19.89,18.59,19.115,0
20140807,-,19.45,20.17,18.86,20.12,0
20140808,-,21.28,21.71,20.27,20.675,0
20140811,-,20.6,20.63,18.94,18.96,0
20140812,-,19.13,19.46,18.52,19.245,0
20140813,-,18.87,18.91,18.06,18.07,0
20140814,-,18.22,18.36,17.0,17.205,0
20140815,-,16.95,20.26,12.2,20.255,0
20140818,-,19.25,19.25,17.86,17.9,0
20140819,-,17.18,17.37,16.86,17.07,0
20140820,-,17.12,18.11,16.89,17.125,0
20140821,-,17.23,17.42,16.04,16.205,0
20140822,-,16.18,18.1,15.94,17.28,0
20140825,-,17.01,17.01,16.38,16.5,0
20140826,-,16.75,16.96,15.88,15.885,0
20140827,-,15.89,16.53,15.8,16.33,0
20140828,-,16.64,18.26,16.63,17.655,0
20140829,-,17.37,18.88,16.88,17.76,0
20140901,-,18.09,18.82,18.03,18.035,0
20140902,-,17.53,18.16,17.04,17.94,0
20140903,-,17.55,17.62,16.72,17.26,0
20140904,-,17.44,18.05,16.32,16.685,0
20140905,-,17.08,17.33,16.45,16.51,0
20140908,-,16.94,17.06,16.47,16.62,0
20140909,-,16.5,16.53,16.15,16.245,0
20140910,-,16.54,16.84,16.3,16.305,0
20140911,-,16.19,17.04,16.09,16.18,0
20140912,-,16.04,16.21,15.56,15.57,0
20140915,-,16.19,16.21,15.7,15.965,0
20140916,-,16.14,16.77,16.1,16.27,0
20140917,-,15.76,15.97,15.59,15.87,0
20140918,-,15.65,15.73,15.07,15.665,0
20140919,-,14.86,14.86,13.6,14.225,0
20140922,-,15.15,15.15,14.43,15.075,0
20140923,-,15.41,16.54,15.32,16.545,0
20140924,-,16.38,16.96,15.47,15.475,0
20140925,-,15.03,17.2,14.89,16.96,0
20140926,-,17.35,17.63,16.61,17.225,0
20140929,-,17.87,19.09,17.59,18.36,0
20140930,-,18.15,18.26,17.28,17.345,0
20141001,-,17.45,18.46,17.04,18.155,0
20141002,-,18.59,19.6,18.19,19.47,0
20141006,-,19.84,19.85,18.45,19.125,0
20141007,-,19.44,19.6,18.94,19.49,0
20141008,-,19.73,19.79,19.02,19.385,0
20141009,-,18.64,19.38,18.17,19.225,0
20141010,-,19.83,21.96,19.71,21.92,0
20141013,-,23.2,23.27,21.55,22.295,0
20141014,-,22.57,23.86,22.26,22.54,0
20141015,-,22.53,26.48,22.2,26.465,0
20141016,-,27.04,33.46,26.69,28.66,0
20141017,-,27.81,27.83,21.92,22.185,0
20141020,-,22.98,24.12,22.5,23.145,0
20141021,-,23.49,23.52,20.37,20.38,0
20141022,-,19.67,20.48,19.57,19.92,0
20141023,-,21.13,21.51,19.62,20.375,0
20141024,-,21.0,21.77,20.5,21.21,0
20141027,-,21.02,23.67,20.7,22.6,0
20141028,-,21.75,21.75,19.93,19.93,0
20141029,-,19.1,20.15,19.09,20.14,0
20141030,-,19.24,22.17,18.98,19.905,0
20141031,-,19.3,20.06,18.87,19.76,0
20141103,-,20.54,21.18,20.34,21.065,0
20141104,-,20.94,21.84,20.25,21.835,0
20141105,-,21.04,22.06,20.76,21.69,0
20141106,-,21.66,21.87,19.33,20.015,0
20141107,-,19.89,20.91,19.14,20.21,0
20141110,-,20.5,20.5,18.87,18.895,0
20141111,-,18.32,18.68,17.96,17.985,0
20141112,-,18.2,20.34,18.2,20.265,0
20141113,-,19.88,20.3,19.04,19.32,0
20141114,-,18.98,20.03,18.91,18.925,0
20141117,-,20.1,20.53,18.85,19.15,0
20141118,-,18.93,18.99,17.73,18.13,0
20141119,-,18.24,18.77,17.8,18.58,0
20141120,-,18.57,19.96,18.53,18.57,0
20141121,-,18.4,18.4,17.14,18.165,0
20141124,-,18.46,18.76,18.3,18.58,0
20141125,-,18.58,18.59,17.72,18.245,0
20141126,-,18.08,18.5,17.61,17.615,0
20141127,-,17.57,17.73,17.16,17.665,0
20141128,-,17.69,18.31,17.53,17.59,0
20141201,-,18.39,18.99,18.31,18.69,0
20141202,-,18.48,18.86,18.14,18.695,0
20141203,-,18.48,18.72,18.09,18.095,0
20141204,-,17.98,18.05,17.0,17.45,0
20141205,-,16.85,16.86,15.88,15.95,0
20141208,-,16.35,16.78,16.24,16.57,0
20141209,-,17.57,19.91,17.39,19.895,0
20141210,-,19.5,20.55,19.14,19.98,0
20141211,-,19.94,20.96,19.46,19.58,0
20141212,-,20.4,23.26,20.26,23.25,0
20141215,-,23.58,26.2,22.36,26.135,0
20141216,-,25.67,27.47,24.35,24.415,0
20141217,-,24.49,25.45,23.91,24.035,0
20141218,-,22.71,43.68,20.45,20.58,0
20141219,-,19.65,21.18,19.51,20.58,0
20141222,-,20.77,20.86,19.58,20.25,0
20141223,-,20.57,20.78,20.11,20.39,0
20141229,-,22.05,23.28,22.0,22.22,0
20141230,-,22.53,22.98,22.46,22.955,0
20150102,-,23.78,24.88,23.44,24.165,0
20150105,-,25.18,26.75,24.31,26.745,0
20150106,-,26.58,27.43,23.98,25.385,0
20150107,-,25.24,25.5,24.47,25.42,0
20150108,-,24.21,24.35,22.72,22.735,0
20150109,-,22.9,25.14,22.47,24.915,0
20150112,-,24.59,27.0,24.2,25.435,0
20150113,-,25.3,25.38,23.98,24.24,0
20150114,-,25.41,25.82,24.39,25.15,0
20150115,-,24.28,27.32,24.22,24.935,0
20150116,-,25.27,26.88,25.11,25.51,0
20150119,-,26.66,26.85,25.26,25.78,0
20150120,-,25.34,25.4,24.43,25.24,0
20150121,-,25.3,26.4,24.01,24.095,0
20150122,-,24.07,24.71,21.69,21.88,0
20150123,-,21.22,22.75,20.64,22.15,0
20150126,-,22.52,22.68,20.63,20.685,0
20150127,-,20.99,23.31,20.74,22.825,0
20150128,-,22.35,23.31,21.39,21.695,0
20150129,-,21.95,23.3,21.94,22.3,0
20150130,-,21.72,24.37,21.65,24.025,0
20150202,-,24.14,25.2,23.8,24.055,0
20150203,-,23.64,23.89,23.1,23.435,0
20150204,-,23.73,23.97,22.45,22.465,0
20150205,-,23.03,23.19,22.08,22.08,0
20150206,-,22.35,22.5,20.97,21.195,0
20150209,-,23.3,24.91,23.3,24.565,0
20150210,-,24.45,24.99,23.32,23.925,0
20150211,-,23.85,24.76,23.85,24.195,0
20150212,-,23.97,24.03,22.08,22.89,0
20150213,-,22.35,22.84,21.53,22.69,0
20150216,-,23.99,24.07,23.18,23.595,0
20150217,-,23.83,24.97,22.8,23.33,0
20150218,-,22.59,22.59,21.91,22.22,0
20150219,-,22.23,23.37,21.37,21.465,0
20150220,-,21.7,23.8,21.04,22.27,0
20150223,-,22.7,23.0,19.62,19.645,0
20150224,-,19.09,19.66,17.34,17.505,0
20150225,-,17.57,17.8,17.54,17.555,0
20150226,-,17.49,17.49,16.72,16.835,0
20150227,-,16.66,17.39,16.57,16.715,0
20150302,-,16.97,17.78,16.59,17.495,0
20150303,-,17.22,19.24,17.03,18.975,0
20150304,-,18.57,20.34,18.36,18.415,0
20150305,-,17.94,18.13,17.41,17.795,0
20150306,-,17.81,18.16,17.18,18.035,0
20150309,-,19.1,19.45,18.46,18.495,0
20150310,-,18.64,20.26,18.64,19.485,0
20150311,-,19.12,19.36,18.43,19.31,0
20150312,-,19.53,20.49,19.38,19.56,0
20150313,-,19.46,19.95,18.78,19.495,0
20150316,-,19.63,21.41,19.54,21.38,0
20150317,-,21.58,22.98,21.56,22.25,0
20150318,-,22.44,23.65,21.95,22.305,0
20150319,-,21.75,22.52,21.19,21.68,0
20150320,-,21.57,21.65,20.25,20.405,0
20150323,-,21.79,22.45,21.62,22.015,0
20150324,-,22.14,22.14,19.37,19.455,0
20150325,-,19.5,20.69,19.33,20.245,0
20150326,-,22.13,22.69,20.94,20.97,0
20150327,-,20.5,21.8,20.39,21.415,0
20150330,-,21.09,21.09,20.39,20.555,0
20150331,-,20.5,22.03,20.27,21.615,0
20150401,-,22.32,22.54,21.0,22.05,0
20150402,-,22.18,22.18,21.2,21.615,0
20150407,-,21.98,21.98,20.74,20.975,0
20150408,-,21.04,21.21,19.96,20.015,0
20150409,-,19.59,19.64,18.63,18.645,0
20150410,-,18.31,18.47,17.55,17.615,0
20150413,-,18.13,18.36,17.78,18.185,0
20150414,-,18.62,19.68,18.45,19.14,0
20150415,-,18.91,18.92,18.23,18.68,0
20150416,-,19.43,20.87,18.99,20.785,0
20150417,-,20.98,24.75,20.74,24.48,0
20150420,-,23.75,23.86,22.55,23.01,0
20150421,-,22.14,23.38,21.92,23.135,0
20150422,-,22.58,24.53,22.21,23.585,0
20150423,-,23.58,25.09,23.58,24.31,0
20150424,-,24.13,24.89,23.37,23.925,0
20150427,-,24.58,25.49,22.7,22.755,0
20150428,-,23.16,24.23,22.68,23.74,0
20150429,-,23.72,26.37,23.34,25.46,0
20150430,-,25.91,26.29,24.37,25.625,0
20150504,-,26.44,26.92,24.56,24.635,0
20150505,-,24.93,26.3,23.85,26.26,0
20150506,-,25.99,26.62,25.24,25.87,0
20150507,-,26.76,26.9,24.89,24.995,0
20150508,-,24.45,24.55,21.76,22.05,0
20150511,-,22.92,23.84,22.82,22.85,0
20150512,-,23.97,25.16,23.97,24.59,0
20150513,-,24.18,24.53,23.17,24.44,0
20150514,-,25.19,25.23,22.64,22.845,0
20150515,-,22.66,24.31,21.84,23.36,0
20150518,-,23.98,24.06,22.14,22.14,0
20150519,-,21.09,21.96,20.82,21.625,0
20150520,-,21.74,22.37,21.42,21.475,0
20150521,-,21.77,22.28,21.2,21.23,0
20150522,-,21.13,21.32,20.71,21.24,0
20150526,-,22.03,24.2,22.03,23.88,0
20150527,-,23.78,23.87,22.13,22.13,0
20150528,-,22.55,23.39,22.01,22.91,0
20150529,-,23.1,24.99,23.03,24.84,0
20150601,-,25.26,25.99,24.93,25.7,0
20150602,-,25.79,26.57,25.49,25.88,0
20150603,-,25.73,26.04,24.45,24.885,0
20150604,-,25.27,26.09,24.26,24.865,0
20150605,-,25.42,25.67,24.54,25.235,0
20150608,-,25.99,26.3,25.02,25.18,0
20150609,-,25.02,26.13,24.57,24.865,0
20150610,-,24.75,24.75,23.13,23.4,0
20150611,-,23.24,23.59,22.56,23.335,0
20150612,-,23.59,25.94,23.55,25.0,0
20150615,-,26.29,27.45,26.1,26.83,0
20150616,-,27.54,28.52,27.27,27.47,0
20150617,-,27.27,28.12,27.14,28.025,0
20150618,-,28.08,29.56,27.04,27.045,0
20150619,-,27.0,28.41,26.85,28.205,0
20150622,-,28.86,28.86,23.61,23.62,0
20150623,-,22.53,24.48,21.89,24.405,0
20150624,-,24.13,26.19,24.01,25.235,0
20150625,-,26.05,26.77,25.08,26.065,0
20150626,-,26.93,27.76,25.71,26.86,0
20150629,-,29.37,29.77,28.18,29.775,0
20150630,-,30.2,30.97,29.54,30.74,0
20150701,-,30.12,30.14,27.51,28.4,0
20150702,-,28.19,29.59,27.77,29.475,0
20150703,-,29.89,32.04,29.75,29.905,0
20150706,-,29.47,29.47,27.24,28.085,0
20150707,-,27.64,29.06,27.35,28.495,0
20150708,-,28.69,30.29,28.55,29.0,0
20150709,-,29.0,29.0,28.18,28.81,0
20150710,-,27.66,27.79,25.85,26.54,0
20150713,-,26.38,26.38,23.28,23.38,0
20150714,-,23.26,23.27,21.68,21.69,0
20150715,-,21.96,22.07,20.9,20.965,0
20150716,-,20.01,20.01,18.45,19.535,0
20150717,-,19.56,19.61,18.24,18.905,0
20150720,-,19.81,19.83,17.98,17.995,0
20150721,-,18.06,18.56,17.33,18.28,0
20150722,-,18.67,18.87,18.06,18.66,0
20150723,-,18.31,18.52,17.97,18.2,0
20150724,-,18.35,19.8,17.82,19.77,0
20150727,-,20.8,22.23,20.52,22.23,0
20150728,-,21.77,22.18,20.66,21.18,0
20150729,-,20.6,21.04,20.24,20.53,0
20150730,-,20.08,20.96,19.66,20.25,0
20150731,-,20.02,20.15,19.31,19.5,0
20150803,-,19.98,20.13,18.72,18.765,0
20150804,-,19.04,19.22,18.33,18.33,0
20150805,-,18.08,18.08,17.49,17.785,0
20150806,-,18.12,18.33,17.68,18.335,0
20150807,-,18.77,18.85,17.88,18.39,0
20150810,-,18.71,19.27,17.91,17.98,0
20150811,-,18.25,20.23,18.24,20.23,0
20150812,-,21.4,24.27,21.4,23.59,0
20150813,-,22.41,22.97,21.15,22.515,0
20150814,-,22.05,22.94,21.35,22.19,0
20150817,-,22.23,23.78,21.87,22.72,0
20150818,-,22.89,23.02,22.35,22.705,0
20150819,-,23.24,23.96,23.02,23.86,0
20150820,-,24.32,25.71,24.0,25.605,0
20150821,-,26.72,29.21,25.71,29.2,0
20150824,-,34.42,43.21,33.07,38.295,0
20150825,-,36.24,36.24,31.69,32.055,0
20150826,-,34.61,34.62,31.76,33.3,0
20150827,-,31.09,31.17,29.04,29.76,0
20150828,-,28.74,30.54,28.64,29.885,0
20150831,-,30.4,31.69,30.06,30.22,0
20150901,-,31.41,34.54,31.41,33.195,0
20150902,-,31.9,33.4,31.38,32.12,0
20150903,-,30.51,30.51,27.97,28.62,0
20150904,-,30.27,33.83,30.23,33.43,0
20150907,-,32.92,34.48,32.44,33.425,0
20150908,-,32.24,32.24,29.92,30.66,0
20150909,-,29.45,29.63,27.65,29.565,0
20150910,-,30.85,32.26,29.88,31.295,0
20150911,-,31.0,32.38,30.52,31.02,0
20150914,-,31.14,31.75,30.29,30.865,0
20150915,-,30.68,31.46,28.94,29.225,0
20150916,-,28.16,28.24,27.35,27.47,0
20150917,-,27.61,28.14,26.97,26.97,0
20150918,-,26.68,29.34,25.98,27.27,0
20150921,-,27.54,28.26,26.28,26.28,0
20150922,-,26.27,30.27,26.17,30.235,0
20150923,-,30.44,30.69,28.79,29.715,0
20150924,-,29.33,32.92,28.83,31.87,0
20150925,-,30.0,30.0,28.9,28.985,0
20150928,-,30.44,32.46,30.39,31.505,0
20150929,-,33.28,33.28,31.59,32.265,0
20150930,-,30.89,31.03,29.68,30.715,0
20151001,-,29.68,31.94,29.38,31.425,0
20151002,-,30.41,32.01,29.5,30.62,0
20151005,-,30.22,30.42,28.09,28.265,0
20151006,-,28.39,28.74,25.91,26.01,0
20151007,-,25.52,25.93,24.22,25.875,0
20151008,-,25.74,26.41,24.45,24.535,0
20151009,-,23.98,23.98,23.0,23.05,0
20151012,-,23.65,23.68,22.26,22.26,0
20151013,-,22.79,24.21,22.74,23.05,0
20151014,-,24.22,24.67,23.14,24.155,0
20151015,-,23.37,23.45,22.6,22.9,0
20151016,-,22.49,22.74,21.71,22.39,0
20151019,-,22.53,23.1,22.09,22.13,0
20151020,-,22.11,22.9,21.43,21.48,0
20151021,-,21.68,22.64,20.78,21.24,0
20151022,-,21.66,21.71,19.65,20.17,0
20151023,-,19.65,20.79,19.4,20.445,0
20151026,-,21.04,22.54,21.03,21.97,0
20151027,-,22.37,22.37,21.65,21.695,0
20151028,-,21.95,22.06,21.53,21.795,0
20151029,-,21.51,22.51,21.5,22.05,0
20151030,-,21.66,21.97,21.23,21.3,0
20151102,-,22.39,22.4,21.62,21.79,0
20151103,-,21.78,22.22,21.48,21.49,0
20151104,-,21.66,22.5,21.34,22.29,0
20151105,-,22.41,22.98,22.17,22.44,0
20151106,-,22.87,23.03,21.79,21.815,0
20151109,-,22.43,22.94,21.68,22.925,0
20151110,-,23.09,23.97,22.66,23.445,0
20151111,-,22.91,23.32,22.3,22.81,0
20151112,-,23.18,24.57,22.49,23.89,0
20151113,-,24.42,25.57,24.18,24.405,0
20151116,-,25.82,25.92,24.83,25.235,0
20151117,-,24.34,24.38,23.5,23.62,0
20151118,-,24.05,24.63,23.65,24.12,0
20151119,-,23.37,23.53,22.91,23.26,0
20151120,-,23.24,23.4,22.35,22.405,0
20151123,-,23.01,23.41,22.85,22.93,0
20151124,-,23.54,25.15,23.54,24.53,0
20151125,-,24.18,24.19,23.06,23.615,0
20151126,-,22.99,23.41,22.91,23.05,0
20151127,-,23.5,23.5,22.96,23.0,0
20151130,-,23.7,23.86,23.38,23.61,0
20151201,-,23.63,24.21,23.35,23.675,0
20151202,-,23.61,23.82,22.84,22.97,0
20151203,-,22.84,24.25,21.97,22.72,0
20151204,-,22.44,23.49,22.25,22.495,0
20151207,-,22.7,22.72,21.31,22.03,0
20151208,-,22.06,23.81,21.89,23.385,0
20151209,-,23.49,24.62,23.28,24.22,0
20151210,-,24.75,24.94,24.06,24.305,0
20151211,-,24.4,26.96,24.16,26.035,0
20151214,-,26.61,29.51,26.19,29.37,0
20151215,-,28.34,28.34,26.51,26.87,0
20151216,-,26.85,27.02,25.26,25.58,0
20151217,-,22.95,23.15,21.69,22.75,0
20151218,-,23.49,23.95,22.52,23.43,0
20151221,-,23.79,23.87,22.62,23.805,0
20151222,-,23.33,24.56,22.63,22.795,0
20151223,-,21.94,21.95,20.59,20.645,0
20151228,-,22.22,23.06,22.15,22.615,0
20151229,-,22.34,22.42,21.71,21.79,0
20151230,-,21.94,22.71,21.93,22.62,0
20160104,-,27.61,27.86,26.53,27.4,0
20160105,-,26.6,27.97,26.27,26.845,0
20160106,-,26.79,28.7,26.79,27.05,0
20160107,-,28.85,30.87,28.82,29.72,0
20160108,-,29.37,29.93,27.61,29.92,0
20160111,-,31.0,31.31,29.61,30.37,0
20160112,-,29.97,29.99,28.02,28.725,0
20160113,-,27.51,29.08,27.0,28.575,0
20160114,-,29.92,33.05,29.89,30.37,0
20160115,-,31.17,35.65,30.8,34.08,0
20160118,-,33.45,35.81,32.51,33.975,0
20160119,-,31.58,32.48,30.64,30.89,0
20160120,-,34.62,35.75,33.29,34.785,0
20160121,-,33.87,34.82,31.47,31.83,0
20160122,-,30.41,30.78,27.89,28.48,0
20160125,-,29.26,29.78,28.38,28.645,0
20160126,-,30.3,30.97,27.73,28.045,0
20160127,-,28.8,29.17,27.65,27.71,0
20160128,-,27.43,30.2,27.04,29.655,0
20160129,-,28.74,28.97,27.19,27.51,0
20160201,-,28.12,28.79,27.53,27.725,0
20160202,-,28.25,29.83,28.09,29.255,0
20160203,-,29.94,31.75,29.1,30.88,0
20160204,-,30.27,31.42,28.91,29.435,0
20160205,-,29.55,30.33,28.58,30.03,0
20160208,-,31.35,34.12,30.65,33.745,0
20160209,-,33.52,36.19,33.36,33.525,0
20160210,-,33.28,33.7,30.9,32.08,0
20160211,-,34.6,38.07,34.6,36.36,0
20160212,-,35.24,35.78,34.21,34.23,0
20160215,-,33.54,33.54,31.85,32.285,0
20160216,-,31.98,32.62,31.12,32.21,0
20160217,-,31.0,31.0,28.71,28.86,0
20160218,-,28.57,29.38,27.97,28.945,0
20160219,-,28.99,29.96,28.45,29.59,0
20160222,-,29.17,29.17,28.23,28.245,0
20160223,-,28.97,29.28,28.22,29.14,0
20160224,-,29.57,32.04,29.54,31.635,0
20160225,-,30.78,31.12,29.27,29.61,0
20160226,-,28.33,28.53,27.49,27.925,0
20160229,-,29.52,30.52,28.67,28.91,0
20160301,-,28.5,28.69,27.48,27.525,0
20160302,-,27.08,27.34,26.32,26.325,0
20160303,-,25.98,26.33,25.44,25.885,0
20160304,-,25.65,25.65,23.47,23.87,0
20160307,-,24.97,25.57,24.56,25.4,0
20160308,-,26.57,27.61,25.96,27.15,0
20160309,-,26.86,27.74,26.41,27.14,0
20160310,-,27.66,27.99,23.7,27.675,0
20160311,-,25.92,25.92,23.55,23.595,0
20160314,-,23.48,23.69,22.63,22.71,0
20160315,-,23.36,23.49,22.46,22.595,0
20160316,-,22.14,23.5,21.91,22.47,0
20160317,-,21.38,24.09,21.08,22.19,0
20160318,-,22.55,22.66,20.17,20.36,0
20160321,-,21.3,22.88,20.42,22.655,0
20160322,-,23.57,24.9,22.44,22.44,0
20160323,-,21.97,23.06,21.43,22.42,0
20160324,-,23.73,24.9,23.42,24.66,0
20160329,-,25.08,26.23,24.71,25.16,0
20160330,-,24.1,24.11,23.0,23.175,0
20160331,-,23.55,24.05,23.46,23.59,0
20160401,-,25.01,26.03,24.5,24.85,0
20160404,-,26.01,26.04,24.57,24.685,0
20160405,-,26.12,26.73,25.93,26.405,0
20160406,-,26.25,26.51,24.96,25.155,0
20160407,-,24.67,26.23,24.18,26.17,0
20160408,-,25.54,25.54,24.36,24.65,0
20160411,-,26.0,26.12,24.42,24.81,0
20160412,-,24.82,25.63,24.08,24.11,0
20160413,-,23.53,23.56,22.79,22.79,0
20160414,-,22.56,23.02,22.22,22.395,0
20160415,-,22.61,22.95,21.93,22.345,0
20160418,-,23.74,23.78,22.26,22.55,0
20160419,-,22.15,22.16,20.69,21.135,0
20160420,-,21.48,21.56,20.35,20.395,0
20160421,-,20.85,22.11,20.85,21.045,0
20160422,-,21.89,22.41,21.44,21.655,0
20160425,-,22.51,23.5,22.4,22.595,0
20160426,-,22.08,22.08,20.99,21.405,0
20160427,-,21.14,21.73,20.71,20.915,0
20160428,-,21.08,22.01,20.2,20.3,0
20160429,-,20.97,23.24,20.97,23.025,0
20160502,-,24.1,24.4,23.53,24.29,0
20160503,-,25.08,25.92,25.03,25.305,0
20160504,-,25.32,26.2,25.0,25.855,0
20160505,-,25.4,25.43,24.31,24.835,0
20160506,-,25.14,25.15,23.12,23.4,0
20160509,-,23.94,24.08,22.55,23.17,0
20160510,-,22.66,22.95,21.91,22.03,0
20160511,-,22.03,22.76,22.03,22.21,0
20160512,-,22.89,23.26,21.49,22.955,0
20160513,-,23.5,23.79,21.83,22.08,0
20160517,-,21.85,23.25,21.69,23.045,0
20160518,-,23.63,23.73,22.27,22.305,0
20160519,-,23.43,23.75,22.57,23.665,0
20160520,-,22.97,23.36,21.93,22.005,0
20160523,-,23.95,24.01,22.59,22.745,0
20160524,-,23.47,23.49,21.0,21.04,0
20160525,-,20.82,20.89,20.19,20.25,0
20160526,-,20.2,20.45,19.85,20.175,0
20160527,-,20.33,20.45,19.57,19.67,0
20160530,-,20.54,20.59,20.18,20.21,0
20160531,-,20.53,21.45,20.42,21.22,0
20160601,-,21.63,22.81,21.49,22.59,0
20160602,-,22.55,22.84,21.92,21.955,0
20160603,-,21.85,23.24,21.18,22.46,0
20160606,-,23.4,23.41,22.74,22.79,0
20160607,-,22.3,22.41,21.78,22.185,0
20160608,-,22.92,23.29,22.45,23.185,0
20160609,-,23.83,24.8,23.83,24.555,0
20160610,-,25.78,28.29,25.78,28.185,0
20160613,-,31.8,32.62,31.26,32.03,0
20160614,-,34.32,34.99,33.1,34.965,0
20160615,-,34.09,35.0,33.44,34.77,0
20160616,-,35.57,39.23,35.37,37.385,0
20160617,-,36.3,36.3,34.74,35.405,0
20160620,-,33.81,33.81,30.85,31.725,0
20160621,-,31.66,32.44,30.68,32.36,0
20160622,-,32.44,34.88,32.44,34.07,0
20160623,-,34.38,34.63,28.42,30.415,0
20160624,-,38.04,38.31,29.53,32.52,0
20160627,-,32.73,33.29,31.36,32.225,0
20160628,-,30.01,30.05,27.07,28.275,0
20160629,-,26.97,27.06,25.67,26.795,0
20160630,-,27.12,27.21,24.44,24.705,0
20160701,-,24.35,25.09,23.46,23.54,0
20160704,-,23.99,24.13,23.52,23.95,0
20160705,-,24.88,26.18,24.7,25.535,0
20160706,-,25.62,27.94,25.18,26.915,0
20160707,-,25.78,26.27,24.89,25.355,0
20160708,-,25.21,25.25,23.34,23.335,0
20160711,-,23.48,23.67,21.83,22.1,0
20160712,-,21.81,21.82,20.05,21.295,0
20160713,-,21.27,22.16,21.0,21.96,0
20160714,-,21.02,21.37,19.9,20.265,0
20160715,-,20.58,21.03,19.87,20.08,0
20160718,-,20.23,21.18,19.79,19.86,0
20160719,-,20.2,21.3,19.92,19.99,0
20160720,-,20.04,20.11,18.94,19.245,0
20160721,-,19.74,20.14,18.18,18.225,0
20160722,-,18.8,18.99,17.73,18.03,0
20160725,-,18.69,19.18,18.37,19.0,0
20160726,-,19.01,19.72,18.82,19.055,0
20160727,-,18.69,19.43,18.15,19.225,0
20160728,-,19.29,19.97,18.9,19.93,0
20160729,-,19.82,19.84,18.92,19.06,0
20160801,-,18.87,20.1,18.59,19.015,0
20160802,-,19.65,21.43,19.65,21.165,0
20160803,-,21.13,22.2,20.79,20.955,0
20160804,-,20.23,20.69,19.33,19.55,0
20160805,-,18.98,19.16,17.78,17.85,0
20160808,-,18.01,18.14,17.33,17.72,0
20160809,-,17.53,17.94,17.04,17.935,0
20160810,-,18.01,18.76,17.38,18.47,0
20160811,-,18.57,19.21,17.87,17.885,0
20160812,-,17.88,18.34,17.7,17.705,0
20160815,-,18.25,18.64,17.79,18.405,0
20160816,-,19.31,19.82,18.66,19.39,0
20160817,-,19.86,20.77,19.35,20.39,0
20160818,-,19.95,19.96,19.03,19.265,0
20160819,-,19.7,20.52,19.47,19.98,0
20160822,-,20.85,21.56,19.68,20.875,0
20160823,-,20.2,20.42,19.29,19.595,0
20160824,-,20.12,20.14,19.03,19.25,0
20160825,-,20.11,20.58,19.68,19.79,0
20160826,-,19.96,20.33,18.87,18.98,0
20160829,-,19.87,20.66,19.54,19.61,0
20160830,-,19.42,19.45,18.67,18.715,0
20160831,-,19.07,19.26,18.55,18.875,0
20160901,-,18.73,19.83,18.41,19.49,0
20160902,-,19.16,19.43,17.49,17.525,0
20160905,-,17.92,18.16,17.82,17.91,0
20160906,-,17.8,18.02,17.22,17.925,0
20160907,-,17.98,18.44,17.5,17.555,0
20160908,-,17.74,17.98,16.93,17.03,0
20160909,-,17.18,18.53,16.67,18.385,0
20160912,-,21.05,21.81,20.43,20.46,0
20160913,-,19.68,21.21,19.67,21.215,0
20160914,-,20.93,21.44,20.25,20.5,0
20160915,-,20.06,20.28,18.94,18.98,0
20160916,-,19.11,20.34,18.64,19.825,0
20160919,-,19.67,19.68,18.71,18.76,0
20160920,-,18.74,19.12,18.24,19.05,0
20160921,-,18.02,18.49,17.59,18.34,0
20160922,-,16.98,17.18,15.7,15.82,0
20160923,-,15.8,16.01,15.42,15.67,0
20160926,-,17.7,19.06,17.7,19.04,0
20160927,-,18.38,20.63,18.31,19.59,0
20160928,-,18.59,19.13,18.18,18.7,0
20160929,-,17.87,19.31,17.55,19.135,0
20160930,-,22.55,23.06,18.73,18.845,0
20161004,-,19.14,19.25,18.26,18.435,0
20161005,-,19.4,19.66,18.3,18.53,0
20161006,-,18.45,19.1,18.26,18.365,0
20161007,-,19.22,19.74,18.65,19.245,0
20161010,-,19.96,20.42,18.71,18.77,0
20161011,-,18.95,19.17,18.1,19.155,0
20161012,-,19.1,19.65,18.92,19.375,0
20161013,-,20.77,20.95,20.13,20.15,0
20161014,-,19.52,19.52,18.54,18.83,0
20161017,-,20.14,20.39,19.62,20.095,0
20161018,-,19.42,19.43,18.6,18.6,0
20161019,-,18.79,18.87,17.42,17.535,0
20161020,-,17.8,17.87,16.75,16.91,0
20161021,-,16.82,17.07,16.36,16.375,0
20161024,-,16.85,17.29,16.63,17.265,0
20161025,-,17.21,17.95,16.85,17.85,0
20161026,-,17.9,18.73,17.89,18.155,0
20161027,-,18.6,18.77,17.78,18.03,0
20161028,-,19.32,19.47,18.38,18.6,0
20161031,-,20.06,20.89,20.05,20.525,0
20161101,-,20.42,22.82,20.09,22.78,0
20161102,-,23.8,23.84,22.51,23.055,0
20161103,-,22.91,23.85,22.56,23.81,0
20161104,-,24.52,25.2,24.39,24.585,0
20161107,-,23.74,24.0,22.49,23.795,0
20161108,-,23.42,25.21,23.16,24.675,0
20161109,-,23.45,23.53,20.29,20.365,0
20161110,-,19.37,20.7,18.74,20.115,0
20161111,-,19.87,21.11,19.7,20.555,0
20161114,-,20.15,21.24,19.92,20.58,0
20161115,-,20.12,20.53,19.31,19.345,0
20161116,-,19.02,20.7,18.74,19.685,0
20161117,-,19.86,19.97,18.77,18.785,0
20161118,-,18.85,19.4,18.51,19.045,0
20161121,-,19.68,19.74,18.78,19.225,0
20161122,-,18.99,19.08,18.67,18.9,0
20161123,-,19.0,19.53,18.68,18.81,0
20161124,-,18.59,18.96,18.52,18.67,0
20161125,-,18.71,19.39,18.66,18.995,0
20161128,-,20.27,21.15,20.13,20.915,0
20161129,-,21.09,21.1,20.22,20.315,0
20161130,-,20.07,20.29,19.5,19.9,0
20161201,-,20.54,21.03,20.01,20.955,0
20161202,-,21.4,21.92,20.53,20.65,0
20161205,-,19.52,19.53,17.86,17.86,0
20161206,-,17.65,17.69,16.75,16.795,0
20161207,-,16.76,16.76,16.21,16.43,0
20161208,-,16.51,17.28,15.82,15.97,0
20161209,-,16.36,16.51,15.87,16.335,0
20161212,-,16.78,16.89,16.42,16.625,0
20161213,-,16.51,16.58,16.21,16.51,0
20161214,-,16.76,16.96,16.62,16.665,0
20161215,-,15.38,15.42,14.97,15.385,0
20161216,-,15.25,15.27,14.49,14.73,0
20161219,-,15.5,15.5,14.92,15.005,0
20161220,-,14.73,14.98,14.6,14.94,0
20161221,-,15.07,15.13,14.62,14.985,0
20161222,-,15.07,15.07,14.75,14.9,0
20161223,-,14.88,15.52,14.78,15.115,0
20161227,-,16.46,16.63,16.34,16.52,0
20161228,-,16.73,17.1,16.71,16.945,0
20161229,-,17.41,17.67,17.3,17.6,0
20161230,-,17.85,18.04,17.68,17.845,0
20170102,-,18.95,18.95,17.63,17.79,0
20170103,-,17.69,17.97,17.29,17.29,0
20170104,-,17.24,17.37,16.38,16.385,0
20170105,-,16.51,16.52,15.77,15.79,0
20170106,-,16.01,16.03,15.02,15.13,0
20170109,-,15.81,16.01,15.14,15.145,0
20170110,-,15.14,15.23,14.58,15.05,0
20170111,-,15.14,15.79,15.01,15.365,0
20170112,-,15.41,16.32,15.4,16.055,0
20170113,-,15.69,15.69,14.69,14.695,0
20170116,-,15.5,15.75,15.26,15.325,0
20170117,-,15.79,16.46,15.29,15.42,0
20170118,-,15.4,15.47,14.58,14.585,0
20170119,-,14.71,14.75,14.15,14.51,0
20170120,-,14.92,14.96,14.18,14.235,0
20170123,-,15.7,16.67,14.85,16.35,0
20170124,-,16.27,16.48,15.72,15.75,0
20170125,-,15.43,15.44,14.91,15.065,0
20170126,-,15.03,15.23,14.78,14.97,0
20170127,-,15.0,15.34,14.82,15.16,0
20170130,-,16.0,16.99,16.0,16.715,0
20170131,-,16.61,17.18,15.76,17.16,0
20170201,-,16.48,16.76,15.88,16.45,0
20170202,-,16.46,16.49,15.84,15.955,0
20170203,-,15.66,15.68,14.98,15.08,0
20170206,-,15.95,16.76,15.3,16.555,0
20170207,-,16.62,16.84,15.98,16.785,0
20170208,-,16.53,17.63,16.43,16.59,0
20170209,-,16.29,16.43,15.2,15.26,0
20170210,-,15.0,15.05,14.64,14.78,0
20170213,-,15.0,15.03,14.28,14.38,0
20170214,-,14.48,14.59,14.04,14.16,0
20170215,-,13.96,14.4,13.77,14.1,0
20170216,-,14.18,14.95,14.16,14.9,0
20170217,-,14.78,15.21,14.29,14.32,0
20170220,-,14.26,14.37,14.12,14.135,0
20170221,-,14.37,14.58,13.85,14.08,0
20170222,-,13.99,14.72,13.87,14.12,0
20170223,-,14.2,14.84,13.87,14.82,0
20170224,-,14.69,16.63,14.67,15.295,0
20170227,-,15.66,15.96,15.5,15.54,0
20170228,-,15.7,15.99,15.53,15.745,0
20170301,-,15.11,15.13,14.49,14.605,0
20170302,-,14.76,14.88,14.43,14.49,0
20170303,-,14.72,14.74,14.24,14.4,0
20170306,-,15.08,15.31,14.7,14.885,0
20170307,-,14.82,14.88,14.19,14.455,0
20170308,-,14.31,14.6,13.88,14.205,0
20170309,-,14.56,14.77,14.19,14.25,0
20170310,-,14.39,14.72,14.05,14.625,0
20170313,-,15.15,15.17,14.63,14.7,0
20170314,-,14.75,15.27,14.56,14.94,0
20170315,-,14.76,14.8,14.18,14.575,0
20170316,-,11.68,12.36,11.66,11.7,0
20170317,-,11.77,11.78,10.73,11.025,0
20170320,-,12.36,12.46,12.08,12.42,0
20170321,-,12.35,13.93,12.08,13.63,0
20170322,-,14.93,15.19,13.92,14.13,0
20170323,-,14.43,14.53,14.11,14.34,0
20170324,-,14.7,15.03,14.46,14.845,0
20170327,-,16.31,16.53,15.59,15.595,0
20170328,-,15.39,15.39,14.62,14.785,0
20170329,-,14.78,15.2,14.69,14.785,0
20170330,-,14.89,15.07,14.79,14.81,0
20170331,-,15.08,15.41,14.83,14.955,0
20170403,-,15.96,16.41,15.74,16.345,0
20170404,-,16.5,16.61,16.09,16.245,0
20170405,-,16.32,16.73,16.06,16.715,0
20170406,-,17.5,17.66,16.72,17.11,0
20170407,-,17.83,18.15,17.73,17.84,0
20170410,-,18.78,19.76,18.74,19.625,0
20170411,-,20.23,21.47,20.0,20.555,0
20170412,-,20.34,20.37,19.64,19.975,0
20170413,-,20.67,20.84,19.99,20.63,0
20170418,-,21.92,23.47,21.91,22.47,0
20170419,-,22.55,22.63,21.16,21.17,0
20170420,-,21.19,21.56,20.39,21.315,0
20170421,-,21.75,22.17,21.07,21.345,0
20170424,-,16.53,16.65,14.59,14.745,0
20170425,-,14.21,14.3,13.73,13.8,0
20170426,-,13.67,13.68,13.12,13.505,0
20170427,-,13.68,13.95,13.64,13.915,0
20170428,-,13.91,14.56,13.86,14.365,0
20170502,-,14.98,15.01,14.52,14.53,0
20170503,-,14.7,15.18,14.68,15.115,0
20170504,-,14.92,14.93,14.32,14.535,0
20170505,-,14.6,15.79,14.5,15.45,0
20170508,-,13.97,13.98,12.64,13.235,0
20170509,-,12.95,13.0,12.43,12.955,0
20170510,-,13.07,13.27,12.97,13.11,0
20170511,-,13.18,13.64,12.7,13.16,0
20170512,-,12.94,12.98,12.49,12.52,0
20170515,-,12.86,13.29,12.61,12.63,0
20170516,-,12.62,12.62,12.05,12.265,0
20170517,-,12.88,15.29,12.23,14.615,0
20170518,-,14.54,17.33,14.51,15.345,0
20170519,-,15.02,15.03,13.81,13.995,0
20170522,-,14.38,14.65,13.43,13.51,0
20170523,-,13.31,13.36,12.71,12.865,0
20170524,-,13.07,13.1,12.61,12.935,0
20170525,-,12.83,13.83,12.77,13.085,0
20170526,-,13.13,13.99,12.96,13.17,0
20170529,-,13.57,13.92,13.54,13.6,0
20170530,-,14.13,14.25,13.39,13.45,0
20170531,-,13.45,13.88,12.89,13.44,0
20170601,-,13.28,13.31,12.39,12.455,0
20170602,-,12.18,12.47,11.9,12.04,0
20170606,-,12.95,13.64,12.9,13.38,0
20170607,-,13.62,13.63,13.04,13.425,0
20170608,-,13.36,13.39,12.97,12.995,0
20170609,-,12.77,12.94,12.17,12.305,0
20170612,-,12.94,13.93,12.85,13.46,0
20170613,-,13.07,13.11,12.48,12.6,0
20170614,-,12.42,13.17,11.98,13.02,0
20170615,-,13.33,15.21,13.28,14.41,0
20170616,-,13.84,13.84,13.08,13.165,0
20170619,-,13.0,13.01,11.94,12.105,0
20170620,-,11.91,13.27,11.82,13.22,0
20170621,-,14.27,14.87,12.5,12.985,0
20170622,-,13.5,13.54,12.58,12.74,0
20170623,-,12.91,13.62,12.57,12.99,0
20170626,-,12.78,12.88,12.0,12.65,0
20170627,-,13.19,13.95,12.76,13.85,0
20170628,-,14.79,15.2,13.69,13.995,0
20170629,-,13.54,17.1,13.41,16.985,0
20170630,-,16.58,16.85,15.35,16.49,0
20170703,-,15.99,16.07,13.64,13.68,0
20170704,-,13.84,14.34,13.6,14.1,0
20170705,-,14.48,14.97,13.9,13.98,0
20170706,-,14.08,16.25,13.93,15.115,0
20170707,-,15.15,15.42,14.66,14.71,0
20170710,-,14.69,14.71,13.99,14.1,0
20170711,-,13.7,14.21,13.55,14.125,0
20170712,-,13.69,13.78,13.06,13.115,0
20170713,-,13.18,13.26,12.65,12.67,0
20170714,-,12.67,12.91,12.33,12.335,0
20170717,-,12.61,13.31,12.2,12.21,0
20170718,-,12.66,13.89,12.35,13.48,0
20170719,-,13.14,13.81,13.1,13.5,0
20170720,-,13.21,14.04,12.43,13.455,0
20170721,-,13.66,15.52,12.88,14.97,0
20170724,-,15.63,15.81,14.75,15.005,0
20170725,-,14.56,14.68,13.73,13.8,0
20170726,-,13.59,13.93,13.18,13.395,0
20170727,-,13.24,13.74,13.01,13.395,0
20170728,-,13.98,14.79,13.7,13.985,0
20170731,-,14.12,14.52,13.48,14.05,0
20170801,-,13.82,14.18,13.34,13.53,0
20170802,-,13.42,14.32,13.29,13.935,0
20170803,-,14.32,14.63,13.74,13.99,0
20170804,-,14.2,14.24,13.04,13.05,0
20170807,-,13.43,13.83,13.25,13.285,0
20170808,-,13.34,13.52,12.58,12.935,0
20170809,-,13.77,15.55,13.62,14.96,0
20170810,-,14.84,18.03,14.78,18.005,0
20170811,-,19.0,21.16,17.4,17.48,0
20170814,-,16.47,16.47,14.83,14.885,0
20170815,-,14.44,15.25,14.19,14.665,0
20170816,-,14.21,14.35,13.83,14.225,0
20170817,-,14.59,15.81,14.31,15.035,0
20170818,-,17.0,17.33,15.83,16.635,0
20170821,-,17.05,17.73,16.14,17.29,0
20170822,-,16.12,16.28,15.46,15.615,0
20170823,-,15.38,16.26,14.86,15.56,0
20170824,-,15.43,15.59,14.68,15.145,0
20170825,-,14.93,15.52,14.65,15.015,0
20170828,-,16.15,16.36,15.14,15.33,0
20170829,-,17.13,18.05,16.75,16.89,0
20170830,-,16.22,16.37,15.36,16.17,0
20170831,-,15.9,16.1,15.48,15.705,0
20170901,-,15.53,15.54,14.44,14.855,0
20170904,-,16.25,16.56,15.73,16.175,0
20170905,-,15.93,17.12,15.48,16.66,0
20170906,-,17.0,17.05,15.93,16.215,0
20170907,-,16.02,16.18,15.18,15.215,0
20170908,-,15.21,15.82,15.18,15.285,0
20170911,-,14.83,14.83,13.74,13.75,0
20170912,-,13.46,13.46,12.87,13.305,0
20170913,-,13.3,13.38,12.89,12.915,0
20170914,-,12.2,12.58,11.9,11.945,0
20170915,-,12.27,12.31,11.8,12.11,0
20170918,-,12.29,12.29,11.73,11.97,0
20170919,-,12.16,12.18,11.66,11.75,0
20170920,-,11.8,12.17,11.57,12.035,0
20170921,-,11.84,11.95,11.36,11.575,0
20170922,-,11.85,12.83,11.76,12.205,0
20170925,-,12.4,12.64,11.85,12.27,0
20170926,-,12.31,12.48,11.92,12.4,0
20170927,-,12.14,12.16,11.77,11.965,0
20170928,-,12.0,12.03,11.68,11.84,0
20170929,-,11.76,12.12,11.44,11.46,0
20171002,-,11.88,12.05,11.71,11.81,0
20171004,-,11.58,12.61,11.52,12.135,0
20171005,-,12.31,12.31,11.68,11.69,0
20171006,-,11.77,12.26,11.75,12.095,0
20171009,-,12.26,12.44,12.04,12.11,0
20171010,-,12.29,12.98,12.08,12.575,0
20171011,-,12.29,12.64,12.14,12.165,0
20171012,-,12.1,12.22,11.75,11.76,0
20171013,-,11.75,11.78,11.23,11.44,0
20171016,-,11.85,11.96,11.14,11.205,0
20171017,-,11.19,11.38,11.09,11.265,0
20171018,-,11.32,11.35,10.48,10.98,0
20171019,-,11.08,13.11,11.06,12.24,0
20171020,-,11.59,12.48,11.47,12.16,0
20171023,-,12.53,12.85,11.95,12.39,0
20171024,-,12.59,12.74,12.21,12.545,0
20171025,-,12.89,14.26,12.46,14.09,0
20171026,-,13.91,14.13,12.12,12.245,0
20171027,-,12.08,12.44,11.75,11.92,0
20171030,-,12.18,12.32,11.95,12.235,0
20171101,-,11.83,12.05,11.4,11.895,0
20171102,-,12.07,12.72,11.89,12.035,0
20171103,-,11.98,12.5,11.74,12.0,0
20171106,-,12.52,12.62,11.96,12.005,0
20171107,-,11.99,12.91,11.82,12.545,0
20171108,-,12.47,13.19,12.25,12.64,0
20171109,-,12.76,15.01,12.63,14.305,0
20171110,-,13.88,15.0,13.75,14.485,0
20171113,-,14.55,15.33,13.86,14.045,0
20171114,-,13.62,15.1,13.5,14.81,0
20171115,-,15.63,16.11,15.02,15.175,0
20171116,-,14.69,14.79,14.2,14.325,0
20171117,-,13.94,14.33,13.28,14.1,0
20171120,-,14.73,14.78,13.29,13.335,0
20171121,-,13.45,13.51,12.51,12.74,0
20171122,-,12.63,13.24,11.99,13.225,0
20171123,-,13.88,13.88,12.96,13.205,0
20171124,-,13.06,13.5,12.86,13.365,0
20171127,-,13.8,14.26,13.51,14.08,0
20171128,-,13.87,14.19,13.47,13.525,0
20171129,-,13.49,14.29,13.15,14.18,0
20171130,-,13.76,14.21,13.29,14.125,0
20171201,-,14.12,16.13,14.08,16.13,0
20171204,-,15.51,15.51,14.27,14.52,0
20171205,-,14.36,15.01,13.96,14.025,0
20171206,-,14.71,15.37,14.56,14.665,0
20171207,-,14.47,14.99,14.28,14.39,0
20171208,-,14.03,14.21,13.61,13.745,0
20171211,-,14.01,14.37,13.84,13.87,0
20171212,-,13.73,14.05,13.19,13.175,0
20171213,-,13.35,13.5,13.15,13.45,0
20171214,-,13.1,13.26,12.28,13.185,0
20171215,-,13.54,13.6,12.46,12.44,0
20171218,-,12.3,12.31,11.5,11.51,0
20171219,-,11.5,12.11,11.27,12.03,0
20171220,-,11.85,13.63,11.82,13.235,0
20171221,-,13.83,14.05,12.55,12.625,0
20171222,-,12.58,12.74,12.31,12.71,0
20171227,-,13.51,13.63,13.18,13.265,0
20171228,-,13.46,14.17,13.32,14.12,0
20171229,-,14.21,14.33,14.0,14.155,0
20180102,-,14.84,14.99,13.6,13.79,0
20180103,-,13.51,13.51,12.51,12.635,0
20180104,-,12.52,12.6,11.95,12.23,0
20180105,-,11.95,12.37,11.94,12.285,0
20180108,-,12.72,12.84,12.45,12.515,0
20180109,-,12.47,12.55,12.22,12.235,0
20180110,-,12.32,12.71,12.11,12.63,0
20180111,-,12.52,12.78,12.11,12.375,0
20180112,-,12.32,12.37,11.62,12.0,0
20180115,-,12.36,12.36,11.74,12.055,0
20180116,-,11.89,12.5,11.82,12.33,0
20180117,-,12.37,13.09,12.19,12.925,0
20180118,-,12.92,13.03,12.45,12.58,0
20180119,-,12.58,12.78,12.26,12.61,0
20180122,-,12.98,12.99,12.43,12.625,0
20180123,-,12.68,13.11,12.43,12.77,0
20180124,-,12.86,13.46,12.56,13.46,0
20180125,-,14.0,14.45,13.09,13.99,0
20180126,-,13.9,13.91,13.44,13.825,0
20180129,-,14.51,14.76,14.15,14.665,0
20180130,-,15.22,16.64,14.91,15.845,0
20180131,-,15.41,16.17,15.07,16.005,0
20180201,-,15.29,18.19,14.64,17.625,0
20180202,-,18.04,19.55,17.48,19.395,0
20180205,-,21.49,21.49,18.94,19.25,0
20180206,-,23.67,28.74,22.25,25.555,0
20180207,-,24.87,24.88,20.26,20.7,0
20180208,-,20.95,26.56,20.73,26.57,0
20180209,-,28.38,40.1,26.94,40.07,0
20180212,-,32.87,32.88,28.54,28.815,0
20180213,-,27.14,27.19,25.08,25.435,0
20180214,-,24.36,24.41,20.6,20.63,0
20180215,-,19.67,21.18,18.78,20.69,0
20180216,-,20.17,20.25,18.57,18.655,0
20180219,-,18.95,20.15,18.72,19.84,0
20180220,-,19.58,20.71,19.2,19.245,0
20180221,-,19.82,20.76,19.49,19.535,0
20180222,-,20.65,21.31,19.23,19.27,0
20180223,-,19.39,19.72,18.48,18.78,0
20180226,-,18.37,18.55,17.79,17.88,0
20180227,-,17.95,18.83,17.82,18.74,0
20180228,-,19.07,19.74,18.49,19.385,0
20180301,-,20.01,22.67,19.67,21.925,0
20180302,-,22.96,25.04,22.73,24.17,0
20180305,-,24.28,24.29,20.65,20.87,0
20180306,-,20.14,20.19,19.02,19.915,0
20180307,-,20.83,20.83,19.33,19.64,0
20180308,-,19.23,19.51,18.0,18.06,0
20180309,-,17.93,18.02,17.07,17.105,0
20180312,-,17.23,17.42,16.71,16.765,0
20180313,-,16.65,18.8,16.36,18.31,0
20180314,-,17.95,18.59,17.11,18.4,0
20180315,-,17.56,18.46,17.14,17.18,0
20180316,-,17.27,17.31,15.28,15.44,0
20180319,-,16.59,18.39,16.12,18.185,0
20180320,-,17.47,18.17,16.8,16.95,0
20180321,-,17.04,17.5,16.53,16.81,0
20180322,-,17.08,21.5,16.52,20.335,0
20180323,-,20.97,23.33,20.43,21.72,0
20180326,-,21.34,23.42,20.65,22.755,0
20180327,-,20.19,20.59,19.32,19.67,0
20180328,-,20.55,22.19,20.2,20.65,0
20180329,-,20.07,20.11,18.2,18.435,0
20180403,-,20.26,21.24,19.66,19.845,0
20180404,-,20.08,21.91,20.07,20.345,0
20180405,-,19.02,19.03,17.97,18.0,0
20180406,-,18.67,19.16,17.92,18.71,0
20180409,-,18.74,19.49,18.36,18.905,0
20180410,-,18.36,18.8,18.14,18.23,0
20180411,-,18.46,19.81,18.17,19.07,0
20180412,-,19.09,19.09,17.56,17.62,0
20180413,-,17.48,17.49,16.51,16.79,0
20180416,-,16.88,16.88,16.01,16.15,0
20180417,-,15.64,15.65,14.72,14.89,0
20180418,-,14.79,15.09,14.32,14.71,0
20180419,-,14.84,15.73,14.64,15.38,0
20180420,-,15.4,15.52,14.69,15.275,0
20180423,-,15.86,16.43,14.99,14.975,0
20180424,-,15.02,15.55,14.52,15.055,0
20180425,-,15.88,17.26,15.45,16.495,0
20180426,-,16.47,16.48,15.51,15.635,0
20180427,-,15.29,15.95,15.06,15.325,0
20180430,-,15.64,16.05,15.45,15.68,0
20180502,-,15.73,15.74,15.03,15.32,0
20180503,-,15.53,16.57,15.24,16.17,0
20180504,-,15.48,15.83,14.94,14.96,0
20180507,-,15.47,15.47,14.55,14.645,0
20180508,-,14.61,15.92,14.56,15.38,0
20180509,-,15.22,15.31,14.79,14.995,0
20180510,-,14.84,15.4,14.4,14.47,0
20180511,-,14.28,14.65,14.11,14.15,0
20180514,-,14.25,15.02,14.2,14.51,0
20180515,-,14.66,15.57,14.04,14.71,0
20180516,-,14.69,16.14,14.62,15.555,0
20180517,-,15.46,16.01,15.23,15.42,0
20180518,-,15.47,17.04,15.47,15.86,0
20180522,-,15.89,16.11,14.43,14.675,0
20180523,-,16.13,17.52,16.04,16.655,0
20180524,-,16.42,18.41,15.71,17.2,0
20180525,-,16.53,18.54,15.6,16.56,0
20180528,-,16.28,18.87,16.06,17.965,0
20180529,-,18.78,20.97,18.54,19.155,0
20180530,-,19.02,19.04,17.29,17.635,0
20180531,-,17.2,19.25,16.81,17.695,0
20180601,-,16.92,16.93,16.0,16.53,0
20180604,-,16.34,16.42,15.51,15.505,0
20180605,-,15.62,16.04,14.67,15.97,0
20180606,-,15.98,16.86,15.63,15.64,0
20180607,-,15.52,16.12,15.21,15.375,0
20180608,-,16.58,17.25,15.6,15.8,0
20180611,-,15.59,16.06,15.21,15.225,0
20180612,-,15.05,15.35,14.81,15.055,0
20180613,-,15.0,15.44,14.31,14.455,0
20180614,-,14.49,14.77,12.57,12.78,0
20180615,-,12.89,14.25,12.82,13.27,0
20180618,-,14.55,16.47,14.48,15.405,0
20180619,-,17.74,18.07,16.47,16.64,0
20180620,-,15.68,16.05,14.97,15.595,0
20180621,-,15.95,18.16,15.64,17.52,0
20180622,-,17.04,17.25,15.62,15.82,0
20180625,-,17.42,19.58,16.92,19.545,0
20180626,-,18.61,19.69,18.26,18.74,0
20180627,-,18.91,20.5,17.1,18.41,0
20180628,-,18.9,20.8,18.41,19.64,0
20180629,-,18.07,18.79,17.44,17.83,0
20180702,-,20.47,20.69,18.8,19.28,0
20180703,-,18.19,18.65,17.23,17.635,0
20180704,-,17.73,17.74,17.3,17.5,0
20180705,-,17.34,17.51,16.69,16.84,0
20180706,-,16.85,17.07,15.94,15.985,0
20180709,-,16.02,16.09,15.25,15.29,0
20180710,-,15.19,15.22,14.24,14.265,0
20180711,-,15.82,16.15,15.23,15.875,0
20180712,-,15.59,15.92,14.71,14.75,0
20180713,-,14.38,14.79,14.06,14.12,0
20180716,-,14.41,14.89,14.01,14.35,0
20180717,-,14.68,14.94,13.82,13.88,0
20180718,-,13.42,14.09,13.21,13.74,0
20180719,-,13.85,15.09,13.71,14.45,0
20180720,-,14.62,17.19,14.35,15.61,0
20180723,-,16.85,17.13,16.16,16.215,0
20180724,-,15.76,15.92,14.7,15.08,0
20180725,-,15.23,17.19,15.22,16.665,0
20180726,-,15.66,15.67,14.78,14.8,0
20180727,-,14.6,14.6,13.7,14.015,0
20180730,-,14.95,15.06,14.62,15.05,0
20180731,-,15.19,15.56,14.97,15.07,0
20180801,-,15.06,16.1,15.04,15.595,0
20180802,-,16.7,18.1,16.69,17.43,0
20180803,-,16.86,16.91,15.98,16.18,0
20180806,-,16.43,16.95,15.82,16.335,0
20180807,-,15.81,15.87,15.25,15.445,0
20180808,-,15.8,16.0,15.03,15.785,0
20180809,-,15.98,16.04,15.17,15.235,0
20180810,-,16.43,18.67,16.18,17.935,0
20180813,-,19.05,19.38,17.87,18.185,0
20180814,-,17.54,18.65,17.41,18.07,0
20180815,-,17.88,20.44,17.54,20.335,0
20180816,-,19.32,19.33,17.66,17.68,0
20180817,-,17.56,18.24,17.08,17.95,0
20180820,-,17.15,17.37,15.77,16.09,0
finished-20080820,-,-1,-1,-1,-1,-1
