day,price
1,447942
2,436635
3,433179
4,435764
5,432322
6,418040
7,408710
8,413612
9,420518
10,418699
11,413950
12,424388
13,428210
14,427632
15,425539
16,430036
17,436161
18,408184
19,379604
20,380056
21,375754
22,369214
23,381049
24,389376
25,397225
26,385642
27,380441
28,368810
29,384036
30,396764
31,411945
32,399161
33,392784
34,393085
35,395165
36,406685
37,403876
38,385758
39,388997
40,385580
41,376951
42,352524
43,354608
44,349870
45,353913
46,355001
47,354910
48,356961
49,356604
50,346181
51,339170
52,341210
53,334902
54,334896
55,327990
56,325509
57,326198
58,323763
59,327961
60,318936
61,301291
62,306183
63,309552
64,311887
65,306354
66,298420
67,302484
68,301348
69,311179
70,304082
71,309965
72,311021
73,307408
74,300720
75,307756
76,310631
77,312053
78,313182
79,304364
80,315570
81,304027
82,304107
83,306502
84,296432
85,290984
86,283638
87,281704
88,277399
89,278546
90,278050
91,287971
92,296689
93,290517
94,280204
95,282403
96,284127
97,279787
98,271834
99,267017
100,261434
101,262638
102,259134
103,256640
104,251337
105,241852
106,240944
107,237924
108,241018
109,238928
110,236081
111,226410
112,224840
113,219852
114,218891
115,217088
116,214516
117,210612
118,205302
119,209080
120,209490
121,209839
122,211502
123,207227
124,210783
125,211002
126,207946
127,210142
128,203551
129,197193
130,195137
131,186643
132,188901
133,189194
134,185251
135,189971
136,194310
137,194521
138,198289
139,201103
140,204998
141,201095
142,194552
143,196184
144,201839
145,192755
146,196817
147,202331
148,197980
149,198346
150,195542
151,195731
152,197038
153,191350
154,181482
155,174756
156,173787
157,175409
158,173728
159,169143
160,165698
161,165869
162,166075
163,167299
164,167734
165,166426
166,171340
167,167082
168,165124
169,164518
170,164638
171,167185
172,167098
173,164530
174,164078
175,163929
176,159774
177,163076
178,160369
179,158945
180,158142
181,154972
182,155447
183,155378
184,153652
185,153727
186,153344
187,150323
188,150654
189,149764
190,149948
191,149918
192,149898
193,150606
194,150900
195,153563
196,155391
197,155011
198,151950
199,151018
200,149419
201,150783
202,146072
203,146317
204,144611
205,139956
206,141598
207,143207
208,146174
209,145052
210,143978
211,141440
212,139632
213,138356
214,136705
215,132274
216,126272
217,125487
218,119436
219,119701
220,120302
221,121321
222,119274
223,116251
224,117399
225,117615
226,117122
227,118250
228,118321
229,122758
230,122182
231,120519
232,118482
233,120733
234,120172
235,122542
236,125435
237,121155
238,120674
239,122543
240,124681
241,124280
242,125134
243,125145
244,128039
245,130104
246,129442
247,128791
248,131362
249,135649
250,135314
251,131878
252,133642
253,138887
254,133433
255,134411
256,136145
257,137722
258,135932
259,131004
260,127298
261,127675
262,126085
263,122553
264,128702
265,136441
266,144070
267,143604
268,137979
269,141561
270,133891
271,137900
272,132888
273,135548
274,135548
275,142362
276,141148
277,136968
278,135719
279,130381
280,128738
281,129321
282,127460
283,132216
284,132988
285,140281
286,143541
287,141208
288,136050
289,130049
290,127715
291,125990
292,123375
293,122719
294,123777
295,119807
296,120258
297,121347
298,119129
299,118243
300,118212
301,116057
302,114260
303,114837
304,114053
305,114225
306,110507
307,109239
308,107536
309,105926
310,107656
311,107757
312,105803
313,105701
314,109534
315,111254
316,111456
317,107581
318,109074
319,109866
320,108390
321,107581
322,109373
323,110364
324,106455
325,105164
326,103849
327,102273
328,101029
329,99894
330,99749
331,98092
332,97236
333,96619
334,95185
335,95776
336,96359
337,95391
338,94079
339,95360
340,96461
341,95989
342,96157
343,97762
344,98404
345,99250
346,96025
347,95207
348,94233
349,95869
350,94712
351,98374
352,103216
353,102452
354,101668
355,101437
356,101549
357,101749
358,101909
359,102498
360,101546
361,102250
362,101083
363,101383
364,102148
365,100850
366,99755
367,99686
368,98494
369,98104
370,98634
371,98890
372,98576
373,97481
374,97955
375,98159
376,96027
377,97321
378,95833
379,94596
380,93807
381,92407
382,90522
383,89158
384,88776
385,90012
386,93096
387,95817
388,95639
389,98324
390,98061
391,99218
392,100026
393,96551
394,96344
395,96744
396,95634
397,98921
398,98528
399,95769
400,94862
401,93678
402,96783
403,94715
404,93739
405,93343
406,90660
407,87032
408,86477
409,86021
410,86405
411,84941
412,82999
413,80344
414,81347
415,80902
416,80647
417,78540
418,76217
419,76505
420,75886
421,75463
422,75527
423,76309
424,76327
425,76663
426,75808
427,74732
428,74862
429,74803
430,75428
431,75355
432,74828
433,74898
434,74541
435,73576
436,73251
437,73895
438,73678
439,73028
440,72054
441,71416
442,70010
443,71219
444,70543
445,70527
446,70989
447,69107
448,68466
449,68147
450,66923
451,65685
452,64622
453,63821
454,64544
455,64381
456,65166
457,66061
458,65221
459,67303
460,68404
461,67437
462,66300
463,64704
464,63503
465,62667
466,63088
467,62868
468,63551
469,63398
470,63462
471,63990
472,62442
473,61767
474,61574
475,62661
476,61848
477,62134
478,60946
479,60279
480,59737
481,58235
482,58225
483,57664
484,57124
485,57990
486,57487
487,57598
488,57659
489,58410
490,58848
491,58232
492,58605
493,58062
494,57472
495,56656
496,56625
497,55813
498,56016
499,56322
500,56585
501,55732
502,55812
503,55445
504,55493
505,55404
506,54254
507,53961
508,54394
509,54225
510,53932
511,53360
512,52954
513,53900
514,54457
515,55293
516,55682
517,55531
518,55702
519,53932
520,53889
521,53137
522,53989
523,53819
524,53718
525,53036
526,52700
527,52351
528,53287
529,52524
530,53051
531,52831
532,52180
533,52285
534,51925
535,51727
536,53117
537,55618
538,55339
539,54664
540,60125
541,60992
542,61947
543,65707
544,65106
545,66982
546,64307
547,62542
548,68282
549,66878
550,64063
551,62438
552,66105
553,67629
554,69399
555,71601
556,72327
557,74927
558,81170
559,82742
560,69252
561,71374
562,72079
563,71004
564,66944
565,67305
566,66935
567,66359
568,68006
569,68044
570,62264
571,60873
572,59707
573,62004
574,61999
575,62717
576,62757
577,61598
578,63292
579,68601
580,70731
581,70141
582,69239
583,65548
584,67691
585,69250
586,64176
587,62401
588,61965
589,63014
590,61096
591,61670
592,63163
593,61910
594,61332
595,62238
596,62748
597,62544
598,61888
599,62277
600,62559
601,60173
602,59604
603,56649
604,56232
605,55367
606,55042
607,54564
608,55613
609,55082
610,53940
611,53156
612,53806
613,53449
614,52630
615,51554
616,51866
617,54041
618,54642
619,54269
620,54463
621,51576
622,50670
623,51398
624,51196
625,50688
626,50468
627,49483
628,50818
629,50970
630,49280
631,48249
632,48388
633,48251
634,48060
635,48915
636,48960
637,46479
638,46066
639,45979
640,45122
641,43894
642,43307
643,42354
644,41780
645,40779
646,41324
647,41127
648,40893
649,40129
650,39153
651,38509
652,37565
653,36736
654,36915
655,37041
656,36779
657,37577
658,37823
659,37554
660,36276
661,36397
662,35732
663,35825
664,36106
665,35948
666,35177
667,34876
668,34754
669,35008
670,34391
671,34622
672,34947
673,35346
674,37388
675,36067
676,34656
677,34428
678,35163
679,34589
680,34705
681,34968
682,35612
683,35666
684,34771
685,34396
686,33820
687,33964
688,34421
689,34526
690,33614
691,33505
692,33751
693,34234
694,33330
695,32479
696,32770
697,33117
698,33116
699,32920
700,33691
701,33324
702,33193
703,32800
704,30543
705,29997
706,29565
707,29589
708,29942
709,29087
710,29459
711,28565
712,28245
713,29316
714,29397
715,29319
716,28857
717,28413
718,28055
719,27934
720,27958
721,27557
722,27186
723,27362
724,27890
725,28375
726,27325
727,26504
728,26313
729,26328
730,25878
731,25614
732,25429
733,26379
734,26106
735,32582
736,29970
737,31282
738,33093
739,34641
740,32417
741,31854
742,30688
743,30648
744,30121
745,32986
746,34195
747,34374
748,35441
749,33276
750,32063
751,29610
752,29792
753,29766
754,29832
755,30891
756,32531
757,32320
758,32035
759,32658
760,31325
761,30862
762,30495
763,30347
764,29273
765,30249
766,29609
767,29148
768,27818
769,28188
770,28166
771,27958
772,27966
773,28390
774,28373
775,28081
776,28170
777,27979
778,28746
779,28759
780,28334
781,28131
782,28207
783,28388
784,28676
785,28326
786,29196
787,28553
788,29063
789,29227
790,28938
791,29146
792,28795
793,28371
794,28449
795,28346
796,29224
797,28833
798,28515
799,28101
800,28046
801,27895
802,28108
803,28293
804,29249
805,31089
806,30343
807,29729
808,30741
809,29958
810,29110
811,28670
812,28721
813,28104
814,29788
815,29888
816,31218
817,31659
818,32874
819,30938
820,30944
821,31976
822,31221
823,30770
824,31258
825,30641
826,30721
827,32835
828,32509
829,31832
830,31957
831,32350
832,32597
833,33622
834,33264
835,34286
836,33966
837,35147
838,34992
839,37468
840,38610
841,37557
842,39883
843,41894
844,40140
845,43475
846,42528
847,39655
848,39205
849,44719
850,48044
851,46852
852,48887
853,51003
854,55019
855,53521
856,49214
857,47970
858,45656
859,46455
860,44716
861,46826
862,50717
863,48695
864,49153
865,47651
866,45845
867,48488
868,48128
869,51164
870,52580
871,49977
872,50344
873,50105
874,50124
875,51300
876,44858
877,43138
878,43690
879,41733
880,41425
881,41794
882,40168
883,39606
884,40169
885,39180
886,40068
887,40565
888,40895
889,38699
890,39214
891,37258
892,37358
893,39777
894,38993
895,40987
896,42834
897,42311
898,42346
899,45247
900,44633
901,43269
902,44130
903,43725
904,41943
905,41230
906,42646
907,39279
908,44854
909,46117
910,47914
911,45489
912,50480
913,50263
914,53148
915,53933
916,49717
917,50506
918,53798
919,53023
920,53821
921,52354
922,53613
923,51732
924,54552
925,53283
926,49192
927,49692
928,48521
929,48786
930,49233
931,46906
932,44531
933,45161
934,44216
935,46581
936,45979
937,46208
938,47560
939,49164
940,47423
941,47133
942,46646
943,44636
944,43046
945,42737
946,44098
947,44339
948,45050
949,46093
950,45696
951,47591
952,46607
953,48885
954,48373
955,46807
956,48971
957,46876
958,47195
959,46727
960,50395
961,50868
962,51574
963,49163
964,49223
965,49899
966,48882
967,48905
968,49027
969,48297
970,47026
971,48699
972,51447
973,52819
974,52022
975,52943
976,51749
977,51077
978,49302
979,49992
980,49517
981,48905
982,48587
983,48541
984,47471
985,46210
986,45468
987,45845
988,47146
989,49850
990,49826
991,48970
992,47753
993,51072
994,51040
995,52495
996,49555
997,51013
998,51191
999,54248
1000,54562
1001,49895
1002,52198
1003,51411
1004,50226
1005,50227
1006,51358
1007,50994
1008,51021
1009,50103
1010,46705
1011,47510
1012,47084
1013,46846
1014,45348
1015,45107
1016,46234
1017,45429
1018,46777
1019,46594
1020,45661
1021,42948
1022,43096
1023,41563
1024,41011
1025,41349
1026,40912
1027,39858
1028,38859
1029,38557
1030,39050
1031,39931
1032,37535
1033,37061
1034,37426
1035,35972
1036,37656
1037,37681
1038,38026
1039,36742
1040,36580
1041,35775
1042,34858
1043,35199
1044,34506
1045,36344
1046,38648
1047,37951
1048,38829
1049,37654
1050,37280
1051,35030
1052,34173
1053,36167
1054,36856
1055,36999
1056,35043
1057,38968
1058,38272
1059,38326
1060,39488
1061,38939
1062,37397
1063,36878
1064,36803
1065,37890
1066,37226
1067,38112
1068,38126
1069,38351
1070,36726
1071,39834
1072,39617
1073,39107
1074,39007
1075,41022
1076,40680
1077,41047
1078,38687
1079,40721
1080,40989
1081,41922
1082,43017
1083,43411
1084,41084
1085,40300
1086,39968
1087,38944
1088,37458
1089,37418
1090,39206
1091,39044
1092,40271
1093,37854
1094,36157
1095,37884
1096,38118
1097,37956
1098,36152
1099,35125
1100,36599
1101,35554
1102,35040
1103,36404
1104,37090
1105,35836
1106,35383
1107,35879
1108,37019
1109,36244
1110,35853
1111,34931
1112,36487
1113,36112
1114,35276
1115,34397
1116,35164
1117,35648
1118,35208
1119,37821
1120,37051
1121,35828
1122,38353
1123,37631
1124,37931
1125,38251
1126,40565
1127,39806
1128,42082
1129,40048
1130,39137
1131,41868
1132,45508
1133,44984
1134,43616
1135,44761
1136,51024
1137,47995
1138,49564
1139,52862
1140,54606
1141,56548
1142,61926
1143,65390
1144,71778
1145,74766
1146,69174
1147,71159
1148,81026
1149,82591
1150,89487
1151,84655
1152,82427
1153,90951
1154,94020
1155,104634
1156,110647
1157,101224
1158,105874
1159,104531
1160,104158
1161,101002
1162,92266
1163,98121
1164,109378
1165,106729
1166,108814
1167,111935
1168,120496
1169,112649
1170,121068
1171,127609
1172,129762
1173,142467
1174,149992
1175,142240
1176,133254
1177,129833
1178,122005
1179,121855
1180,137352
1181,133024
1182,132679
1183,138726
1184,135430
1185,129695
1186,131679
1187,129332
1188,130900
1189,128997
1190,130071
1191,123850
1192,123422
1193,119324
1194,112408
1195,108340
1196,109980
1197,108892
1198,107687
1199,110453
1200,105736
1201,100505
1202,93059
1203,94846
1204,93594
1205,101583
1206,101439
1207,104939
1208,113385
1209,110940
1210,120421
1211,119601
1212,115790
1213,130627
1214,122188
1215,120852
1216,119991
1217,114103
1218,108459
1219,101603
1220,103454
1221,107089.92
1222,107713.62
1223,103327.58
1224,104204.41
1225,102820.87
1226,101607.39
1227,102223.05
1228,108644.38
1229,106741
1230,104687.38
1231,106644.01
1232,111256.09
1233,113274.62
1234,112625.85
1235,117918.44
1236,123809.82
1237,113034.45
1238,110618.04
1239,111979.17
1240,112852.14
1241,120230.1
1242,121411.58
1243,112254.19
1244,117425.1
1245,116246.26
1246,117872.04
1247,108872.1
1248,108554.54
1249,106724.03
1250,108209.82
1251,111953.59
1252,107130.42
1253,106220.65
1254,113319.17
1255,121922.27
1256,112675.11
1257,114290.4
1258,111327.64
1259,108163.16
1260,111763.03
1261,119650.19
1262,117745.57
1263,115029.75
1264,113095.17
1265,110712.04
1266,111555.86
1267,111939.36
1268,109472.99
1269,104842.23
1270,104026.05
1271,103884.1
1272,101783.62
1273,97993.85
1274,96004.08
1275,103419.34
1276,99345.26
1277,100708.13
1278,98999.61
1279,99182.42
1280,101549.93
1281,100340.08
1282,96055.54
1283,97135.76
1284,95747.28
1285,91332.66
1286,91173.87
1287,87969.36
1288,89169.27
1289,85501.95
1290,86061.17
1291,85446.61
1292,88296.54
1293,84577.26
1294,86670.96
1295,80334.66
1296,79065.5
1297,79324.18
1298,83704.13
1299,85035.88
1300,81107.44
1301,83538.84
1302,82148.68
1303,79289.55
1304,77355.36
1305,77620.58
1306,81715.67
1307,80752.07
1308,80404.01
1309,79797.57
1310,77048.58
1311,77508.72
1312,75775.76
1313,74512.5
1314,78137.8
1315,80840.79
1316,81463.12
1317,80837.47
1318,78371.2
1319,81740.85
1320,80116.31
1321,76832.65
1322,73337.78
1323,72074.8
1324,69502.63
1325,70713.6
1326,70079.17
1327,73932.07
1328,73251.63
1329,76064.3
1330,77131.18
1331,76071.68
1332,76435.27
1333,72826.22
1334,71488.29
1335,69301.81
1336,68473.94
1337,68483.51
1338,66957.27
1339,65656.84
1340,64123.32
1341,61912.25
1342,61402.59
1343,62233.16
1344,64413.45
1345,65139.28
1346,63661.05
1347,64269.62
1348,62617.27
1349,62178.35
1350,61882.61
1351,62583.59
1352,60520.89
1353,60548.73
1354,61727.18
1355,60938.47
1356,59753.14
1357,60720.51
1358,64382.18
1359,62904.85
1360,60968.23
1361,59799.35
1362,58911.48
1363,58969.7
1364,59625.31
1365,60678.06
1366,59847.39
1367,60436.33
1368,61308.76
1369,64282.17
1370,65157.03
1371,62142.79
1372,60068.54
1373,58099.16
1374,56432.94
1375,53799.93
1376,54483.07
1377,53131.39
1378,53277.29
1379,50921.58
1380,51210.61
1381,52471.6
1382,52395.41
1383,51302.19
1384,51730.54
1385,52704.4
1386,52870.53
1387,50981.24
1388,50976.85
1389,51520.37
1390,53815.03
1391,53909.35
1392,52102.6
1393,50892.91
1394,50310.11
1395,49706.96
1396,48701.27
1397,47429.1
1398,46982.53
1399,46569.14
1400,45512.79
1401,46158.58
1402,44912.92
1403,44713.2
1404,44712.4
1405,43106.51
1406,43821.91
1407,44724.64
1408,44835.02
1409,48019.46
1410,45404.61
1411,49878.19
1412,50322.03
1413,50579.85
1414,49902.92
1415,47730.81
1416,46246.88
1417,43507.64
1418,43753.21
1419,43886.56
1420,45847.34
1421,45100.91
1422,44315.79
1423,44071.87
1424,42419.51
1425,42946.1
1426,42126.1
1427,40000.2
1428,39679.08
1429,39128.31
1430,41805.98
1431,41860.13
1432,40251.51
1433,39811.99
1434,40668.76
1435,39748.58
1436,39587.18
1437,40658.13
1438,40338.93
1439,39714.79
1440,39475.81
1441,38678.92
1442,38269.61
1443,36525.99
1444,37047.34
1445,36520.5
1446,35265.95
1447,34383.34
1448,34085.9
1449,33643.27
1450,33340.69
1451,33534.52
1452,34059.79
1453,34979.19
1454,33686.85
1455,33010.22
1456,31821.36
1457,31282.13
1458,30461.19
1459,29999.51
1460,30832.81
1461,30265.82
1462,29588.81
1463,30359.16
1464,28948.39
1465,28746.38
1466,30419.34
1467,33081.97
1468,32588.48
1469,32894.91
1470,31898.68
1471,32209.42
1472,32974.39
1473,31130.57
1474,29969.03
1475,30068.15
1476,33582.81
1477,33992.69
1478,34429.69
1479,33601.79
1480,33484.22
1481,32601.65
1482,32542.66
1483,30802.57
1484,29692.62
1485,28478.14
1486,27901.4
1487,27377.11
1488,28261.33
1489,27648.54
1490,27546.42
1491,26976.5
1492,26452.12
1493,26176.9
1494,25929.65
1495,25865.38
1496,24691.49
1497,24336.9
1498,24395.18
1499,24556.97
1500,24740.67
1501,24544.77
1502,24563.35
1503,23867.98
1504,22953.97
1505,22612.05
1506,23052.34
1507,22745.56
1508,22264.17
1509,22736.35
1510,22986.12
1511,22747.31
1512,22284.84
1513,21900.54
1514,21800.25
1515,21731.09
1516,20908.27
1517,20337.81
1518,20703.11
1519,20347.9
1520,20114.3
1521,20080.64
1522,20171.91
1523,19697.85
1524,19697.5
1525,20494.32
1526,19994.63
1527,19043.07
1528,19145.11
1529,19096.14
1530,18957.59
1531,19202.36
1532,21351.88
1533,21113.21
1534,20134.97
1535,21872.33
1536,21077.38
1537,23234.61
1538,24291.6
1539,28505.72
1540,31092.72
1541,26691.34
1542,26583.39
1543,25150.39
1544,25779.34
1545,28372.8
1546,28612.69
1547,30554.66
1548,31245.17
1549,35453.39
1550,35276.11
1551,34641.75
1552,33381.45
1553,32482.65
1554,29625.66
1555,30218.68
1556,32000.83
1557,29835
1558,29563.92
1559,32385.75
1560,33876.1
1561,32482.34
1562,32757.62
1563,30792.21
1564,30045.32
1565,29442.58
1566,27687.01
1567,26959.2
1568,26480.48
1569,26033.58
1570,26262.65
1571,27444.44
1572,27819.64
1573,29493.25
1574,28751.24
1575,29228.87
1576,32105.4
1577,32606.41
1578,32316.98
1579,31331.53
1580,29563.68
1581,27658.09
1582,27135.08
1583,26692.45
1584,26031.76
1585,25879.74
1586,26658.53
1587,26887.7
1588,28131.58
1589,27772.52
1590,26089.57
1591,26409.5
1592,25008.63
1593,24381.49
1594,23458.28
1595,23335.09
1596,23612.76
1597,23599.99
1598,23377.89
1599,22022.17
1600,22276.75
1601,22054.83
1602,22209.65
1603,22221.46
1604,21844.36
1605,21970.02
1606,23769.11
1607,24140.89
1608,24667.35
1609,24344.97
1610,23582.4
1611,23221.65
1612,23945.23
1613,23737.72
1614,23321.02
1615,23934.92
1616,23444.65
1617,23709.64
1618,22266.29
1619,22944.28
1620,22539.58
1621,21168.78
1622,20647.21
1623,19641.97
1624,20224.78
1625,19702.74
1626,19516.6
1627,19098.09
1628,18157.99
1629,18157.66
1630,17804.09
1631,17739.84
1632,17717.35
1633,17247.15
1634,17311.3
1635,17625.44
1636,18173.27
1637,17171.43
1638,17253.38
1639,17230.46
1640,17501.43
1641,17951.57
1642,17587.36
1643,17838.23
1644,16963.05
1645,16754.71
1646,16637.68
1647,15982.52
1648,15581.9
1649,15066.05
1650,14715.09
1651,15158.27
1652,15024.51
1653,14530.48
1654,14891.05
1655,14110.34
1656,13742.95
1657,13197.78
1658,13097.07
1659,13343.81
1660,13595.99
1661,13568.77
1662,13558.77
1663,13472.46
1664,13170.45
1665,12405.7
1666,11626.93
1667,11622.52
1668,11691.22
1669,11747.92
1670,11625.3
1671,11729.27
1672,12427.63
1673,12239.53
1674,12767.42
1675,12487.21
1676,11630.64
1677,11489.97
1678,11107.48
1679,11618.87
1680,11117.19
1681,11840.15
1682,11954.44
1683,12816.91
1684,12170.56
1685,11146.03
1686,10713.78
1687,10454.01
1688,10414.37
1689,10108.45
1690,9914.41
1691,9874.88
1692,10001.91
1693,10112.69
1694,10289.08
1695,10105.49
1696,9941.8
1697,9631.73
1698,9443.45
1699,9443.28
1700,9727.25
1701,9998.65
1702,10050.65
1703,9930.97
1704,9858.73
1705,9712.61
1706,9548.47
1707,9483.75
1708,9306.62
1709,9283.08
1710,9319.84
1711,9311.5
1712,9022.53
1713,8589.78
1714,8530.01
1715,8137.02
1716,7897.35
1717,8295.39
1718,8252.22
1719,8337.65
1720,8141.52
1721,8054.73
1722,7779.49
1723,7644.9
1724,8435.95
1725,8324.34
1726,7891.56
1727,7903.54
1728,7789.63
1729,7589.52
1730,7438.56
1731,7354.84
1732,7369.8
1733,7390.2
1734,7284.52
1735,7205.18
1736,7287.23
1737,7388.03
1738,7451.3
1739,7511.35
1740,8486.11
1741,8913.3
1742,8773.81
1743,8157.07
1744,7793.36
1745,8488.63
1746,8448.88
1747,7997.11
1748,8157.52
1749,8465.15
1750,8282.43
1751,8460.22
1752,8837.46
1753,8564.31
1754,8667.99
1755,9152.67
1756,9718.44
1757,9425.66
1758,9115.06
1759,8451.34
1760,8415.34
1761,8053.23
1762,7839.73
1763,7783.39
1764,7989.59
1765,7733.34
1766,7613.73
1767,7640.98
1768,7545.35
1769,7421.6
1770,7374.92
1771,7343.58
1772,7397.77
1773,7504.04
1774,7423.66
1775,7521.3
1776,7387.46
1777,7300.98
1778,7086.65
1779,7287.4
1780,6884.86
1781,6542.3
1782,6450.89
1783,6292.09
1784,6226.14
1785,6110.11
1786,6013.83
1787,5996.28
1788,6175.19
1789,6344.33
1790,6422.51
1791,6525.09
1792,6454.89
1793,6217
1794,5979.95
1795,6140.81
1796,6021.19
1797,6143.86
1798,6286.06
1799,6171.99
1800,5957.35
1801,5829.8
1802,5960.42
1803,6113.43
1804,6038.72
1805,5933.8
1806,5768.82
1807,5662.72
1808,5494.66
1809,5878.96
1810,5823.97
1811,5862.03
1812,5930.15
1813,5858.05
1814,5936.98
1815,5753.91
1816,5966.21
1817,6097.04
1818,5843.19
1819,6375.66
1820,6680.32
1821,6533.23
1822,6235.09
1823,6090.83
1824,6193.57
1825,6068.57
1826,6391.65
1827,6246.11
1828,5948.1
1829,5665.86
1830,5452.77
1831,5220.82
1832,5244.6
1833,5325.3
1834,5176.68
1835,5290.02
1836,5724.28
1837,5868.78
1838,5899.26
1839,6083.52
1840,5948.94
1841,6189.55
1842,5812.9
1843,5695.07
1844,5402.49
1845,5371.85
1846,5663.13
1847,5755.48
1848,6191.51
1849,6197.55
1850,6091.18
1851,5964.39
1852,6400.9
1853,6335.37
1854,7691.23
1855,7942.85
1856,9459.11
1857,7934.29
1858,9089.25
1859,8772.37
1860,8817.82
1861,8410.76
1862,8492.88
1863,8824.23
1864,10519.64
1865,11123.34
1866,11472.13
1867,10854.42
1868,10645.22
1869,10954.92
1870,10711.79
1871,10067.91
1872,10344.86
1873,10138.21
1874,10301.77
1875,10902.35
1876,11230.54
1877,10652.83
1878,10936.51
1879,11896.55
1880,11994.12
1881,11984
1882,11562.07
1883,10987.67
1884,10733.99
1885,11165.37
1886,11113.96
1887,12058.17
1888,12990.87
1889,13163
1890,12638.77
1891,12407.13
1892,13248.6
1893,12965.83
1894,14056.4
1895,15052.93
1896,13859.75
1897,13133.5
1898,12961.79
1899,12985.99
1900,12057.94
1901,11999.39
1902,11253.2
1903,11170.72
1904,10485.57
1905,11798.51
1906,11099.63
1907,12119.86
1908,12204.68
1909,11339.13
1910,10709.91
1911,11574.94
1912,10964.77
1913,9500.27
1914,9478.75
1915,10671.63
1916,11975.4
1917,11591.01
1918,11069.7
1919,11270.1
1920,11207.74
1921,10601.04
1922,12718.27
1923,11913.98
1924,11386.15
1925,11597.89
1926,11578.87
1927,12314.11
1928,12727.5
1929,12215.76
1930,12440.92
1931,12206.07
1932,12684.82
1933,12989.06
1934,12119.65
1935,11895.57
1936,10876.1
1937,10664.31
1938,10602.52
1939,10566.47
1940,10666.63
1941,10880.67
1942,11434.77
1943,10456.47
1944,10639.22
1945,10538.49
1946,10594.56
1947,10192.76
1948,10165.31
1949,9987.46
1950,9351.22
1951,8629.03
1952,8830.71
1953,9032.86
1954,8948.23
1955,9356.65
1956,9114.85
1957,9357.94
1958,8773.9
1959,8581.46
1960,8434.46
1961,8232.6
1962,8152.6
1963,7980.88
1964,8160.03
1965,8001.75
1966,8120.47
1967,8070.62
1968,7817.75
1969,7600.91
1970,7372.88
1971,7196.56
1972,7154
1973,6944.3
1974,6937.02
1975,6811.48
1976,6965.71
1977,7030.4
1978,6745.41
1979,6520.57
1980,6211.11
1981,6158.95
1982,6232.03
1983,6437.01
1984,6723.47
1985,7228.2
1986,6688.76
1987,6857.74
1988,7407.45
1989,6971.41
1990,6918.86
1991,6917.77
1992,6698.65
1993,6253.97
1994,6537.19
1995,6632.86
1996,6444.5
1997,6467.89
1998,6219.01
1999,6326.62
2000,6281.55
2001,6851.84
2002,6403.48
2003,6176.54
2004,6020.56
2005,5714.61
2006,5506.93
2007,5789.53
2008,5673.92
2009,5604.82
2010,5204.73
2011,4980.6
2012,4719.76
2013,4786.12
2014,4438.35
2015,4064.5
2016,4534.41
2017,4552.78
2018,4443.89
2019,4348.61
2020,4364.41
2021,4447.14
2022,4605.53
2023,4733.16
2024,4988.32
2025,5312.5
2026,5222
2027,4655.09
2028,5059.04
2029,4983.44
2030,4651.79
2031,4791.61
2032,4758.3
2033,4599.63
2034,4798.55
2035,4608.12
2036,4345.25
2037,4223.73
2038,4220.18
2039,4305.5
2040,4205.15
2041,4200.39
2042,4348.37
2043,4573.85
2044,4438.44
2045,4474.55
2046,4664.83
2047,4441.38
2048,4602.95
2049,4913.95
2050,5094.97
2051,5201.47
2052,5579.74
2053,5995.43
2054,5198.49
2055,5345.14
2056,5313.31
2057,5207.37
2058,5258.52
2059,4950.02
2060,5469.31
2061,5544.55
2062,5913.84
2063,5757.48
2064,5504.69
2065,5090.66
2066,5037.34
2067,4746.5
2068,5286.83
2069,5100.02
2070,5357.16
2071,5010.25
2072,4717.42
2073,4333.8
2074,4347.95
2075,4060
2076,4624.65
2077,4341.75
2078,4452.07
2079,4321.11
2080,4311.31
2081,4243.51
2082,3926.99
2083,3666.52
2084,3580.86
2085,3750.64
2086,3673.33
2087,3672.88
2088,3812.12
2089,3663.14
2090,3692.7
2091,3470.84
2092,3459.61
2093,3325.35
2094,3343.21
2095,3262.79
2096,3429.78
2097,3716.34
2098,3897.96
2099,3765.63
2100,3438.39
2101,3355.78
2102,3497.05
2103,3566.59
2104,3525.25
2105,3377.7
2106,3135.17
2107,3070.87
2108,3198.08
2109,3058.61
2110,3016.3
2111,2993.7
2112,2930.9
2113,3049.17
2114,3041.95
2115,2999.38
2116,2904.17
2117,2905.06
2118,2983.51
2119,3023.23
2120,3071.02
2121,2958.21
2122,2993.88
2123,3023.4
2124,3061.93
2125,3124.23
2126,3007.18
2127,2952.72
2128,2883.98
2129,2595.34
2130,2446.54
2131,2617.52
2132,2603.21
2133,2491.68
2134,2333.27
2135,2461.75
2136,2385.81
2137,2299.43
2138,2271.08
2139,2320.34
2140,2273.8
2141,2249.96
2142,2410.6
2143,2491.93
2144,2283.81
2145,2324.93
2146,2384.5
2147,2336.84
2148,2313.53
2149,2247.52
2150,2232.99
2151,2253.01
2152,2345.88
2153,2357.33
2154,2279.46
2155,2338.6
2156,2225.81
2157,2175.04
2158,2136.04
2159,2167.59
2160,2283.31
2161,2248.62
2162,2476.01
2163,2422.12
2164,2372.37
2165,2367.81
2166,2453.15
2167,2212.7
2168,2316.73
2169,2354.93
2170,2237.59
2171,2437.78
2172,2404.77
2173,2433.64
2174,2266
2175,2247.09
2176,2350.19
2177,2370.04
2178,2245.58
2179,2047.82
2180,2023.58
2181,2029.71
2182,1986.15
2183,1925.66
2184,1988.89
2185,1913.86
2186,1882.35
2187,1912.89
2188,2001.57
2189,2018.06
2190,1962.96
2191,1998.13
2192,1951.34
2193,1937.12
2194,1877.17
2195,1949.06
2196,1979.86
2197,1970.37
2198,1890.61
2199,1848.49
2200,1957.19
2201,2001.91
2202,2083.05
2203,2128.55
2204,2219.01
2205,2181.25
2206,2524.33
2207,2048
2208,1827.18
2209,1855.47
2210,1809.48
2211,1768.08
2212,1764.23
2213,1761.84
2214,1723.71
2215,1713.7
2216,1708.24
2217,1693.62
2218,1661.43
2219,1681.2
2220,1573.25
2221,1505.21
2222,1468.38
2223,1489.38
2224,1501.9
2225,1542.94
2226,1492.19
2227,1593.99
2228,1578.66
2229,1531.42
2230,1602.26
2231,1551.32
2232,1525.88
2233,1524.73
2234,1494.49
2235,1482.18
2236,1465.23
2237,1460.25
2238,1440.87
2239,1435.54
2240,1375.51
2241,1515.3
2242,1526
2243,1467.26
2244,1712.41
2245,1668.09
2246,1521.8
2247,1588.65
2248,1612.84
2249,1491.54
2250,1455.74
2251,1461.9
2252,1425.64
2253,1403.01
2254,1336.64
2255,1367.39
2256,1353.79
2257,1339.41
2258,1347.5
2259,1416.19
2260,1420.7
2261,1337.65
2262,1377.84
2263,1364.1
2264,1341.97
2265,1312.88
2266,1328.68
2267,1313.36
2268,1329.67
2269,1279.8
2270,1341.04
2271,1314.64
2272,1316.05
2273,1270.86
2274,1266.49
2275,1220.11
2276,1221.06
2277,1190.37
2278,1417.13
2279,1251.29
2280,1395.49
2281,1459.04
2282,1356.79
2283,1301.33
2284,1238.68
2285,1245.45
2286,1257.05
2287,1259.31
2288,1255.1
2289,1234.41
2290,1287.83
2291,1243.28
2292,1220.32
2293,1193.46
2294,1189.32
2295,1204.04
2296,1222.98
2297,1199.82
2298,1195.05
2299,1189.96
2300,1198.86
2301,1215.6
2302,1190.46
2303,1191.12
2304,1214.71
2305,1206.81
2306,1222.31
2307,1221.9
2308,1200.2
2309,1213.41
2310,1216.3
2311,1265.32
2312,1258.74
2313,1266.39
2314,1326.78
2315,1290.54
2316,1250.58
2317,1235.38
2318,1313.37
2319,1393.33
2320,1319.27
2321,1366.21
2322,1327.86
2323,1316.62
2324,1309.13
2325,1461.64
2326,1417.85
2327,1500.47
2328,1453.81
2329,1414.06
2330,1368.17
2331,1357.06
2332,1326.01
2333,1324.03
2334,1307.83
2335,1229.41
2336,1181.17
2337,1170.36
2338,1149.69
2339,1127.36
2340,1138.04
2341,1104.9
2342,1135.65
2343,1093.57
2344,1083.33
2345,1045.78
2346,1031.13
2347,1027.65
2348,1036.68
2349,1016.09
2350,1012.65
2351,1024.21
2352,1002.74
2353,978.23
2354,956.6
2355,927.94
2356,917.93
2357,942.97
2358,954.8
2359,939.07
2360,960.91
2361,947.82
2362,938.78
2363,954.94
2364,996.9
2365,990.21
2366,1013.96
2367,995.52
2368,1024.13
2369,983.19
2370,968
2371,1007.06
2372,1090
2373,1097.8
2374,1097.78
2375,1108.26
2376,1071.52
2377,1063.61
2378,1049.76
2379,1055.93
2380,1012.74
2381,981.04
2382,944.28
2383,949.99
2384,949.98
2385,935.83
2386,929.94
2387,884.78
2388,887.62
2389,902.54
2390,922.53
2391,906.39
2392,905.67
2393,890.93
2394,926.12
2395,963.71
2396,922.43
2397,967.79
2398,1009.23
2399,983.06
2400,1068.82
2401,1115.08
2402,1089.55
2403,974.7
2404,946.29
2405,960.46
2406,1002.99
2407,901.51
2408,843.77
2409,831.57
2410,845.94
2411,846.36
2412,850.98
2413,838.65
2414,841.48
2415,843.44
2416,839.71
2417,844.26
2418,841.43
2419,842.51
2420,814.47
2421,818.77
2422,803.67
2423,830.72
2424,798.42
2425,789.65
2426,792.38
2427,784.74
2428,780.61
2429,768.09
2430,767.24
2431,778.22
2432,759.42
2433,735.28
2434,728.96
2435,730.08
2436,733.8
2437,739.01
2438,743.43
2439,756.17
2440,773.19
2441,759.56
2442,769.75
2443,741.96
2444,731.77
2445,738.52
2446,771.91
2447,779.5
2448,780.33
2449,793.75
2450,785.21
2451,732.18
2452,729.86
2453,729.21
2454,702.33
2455,678.25
2456,677.17
2457,690.09
2458,699.94
2459,699.83
2460,713.05
2461,705.69
2462,698.36
2463,684.89
2464,685.91
2465,687.99
2466,673.5
2467,689.65
2468,665.17
2469,667.55
2470,675.72
2471,673.56
2472,666.32
2473,654.5
2474,670.51
2475,760.92
2476,757.28
2477,716.95
2478,769.58
2479,779.83
2480,820.95
2481,889.16
2482,869.94
2483,890.97
2484,800.59
2485,741.81
2486,742.43
2487,715.94
2488,699.86
2489,698.25
2490,685.78
2491,674.83
2492,719.19
2493,698.31
2494,706.89
2495,700.62
2496,695.96
2497,713.9
2498,706.06
2499,712.99
2500,767.67
2501,708.11
2502,709.2
2503,705.9
2504,722.26
2505,720.85
2506,730.61
2507,722.76
2508,757.19
2509,782.93
2510,738.03
2511,712.88
2512,730.8
2513,719.19
2514,730.55
2515,728.68
2516,717.86
2517,734.33
2518,721.49
2519,714.71
2520,695.38
2521,671.42
2522,675.88
2523,669.17
2524,685.61
2525,702.79
2526,690.39
2527,673.3
2528,713.36
2529,734.89
2530,732.05
2531,722.36
2532,698.2
2533,685.12
2534,676.88
2535,670.04
2536,675.16
2537,680.84
2538,685.71
2539,669.55
2540,660.86
2541,661.64
2542,659.06
2543,660.99
2544,649.12
2545,656.69
2546,641.7
2547,642.51
2548,629.67
2549,610.79
2550,612.34
2551,606.75
2552,615.21
2553,603.67
2554,591.38
2555,593.44
2556,581.06
2557,579.2
2558,573.46
2559,555.41
2560,556.21
2561,551.14
2562,552.33
2563,549.02
2564,551.4
2565,545.65
2566,525.01
2567,497.42
2568,504
2569,496.9
2570,508.68
2571,534.02
2572,521.3
2573,521.72
2574,507.68
2575,479.36
2576,483.11
2577,486.85
2578,476.2
2579,492.93
2580,477.18
2581,479.75
2582,476.07
2583,469.47
2584,457.52
2585,452.06
2586,447.63
2587,458.03
2588,462.2
2589,454.23
2590,474.07
2591,467.52
2592,450.9
2593,459.57
2594,448.95
2595,483.74
2596,459.49
2597,472.93
2598,459.7
2599,462.11
2600,467.75
2601,477.72
2602,472.5
2603,475.35
2604,478.8
2605,529.13
2606,554.41
2607,522.59
2608,557.31
2609,560.04
2610,573.35
2611,554.43
2612,521.7
2613,516.53
2614,488.3
2615,470.61
2616,471.87
2617,454.26
2618,457.01
2619,457.01
2620,453.71
2621,457.06
2622,452.27
2623,456.29
2624,459.62
2625,460.77
2626,466.21
2627,466.57
2628,459.84
2629,459.79
2630,450.18
2631,453.05
2632,464.92
2633,462.4
2634,461.32
2635,472.03
2636,484.68
2637,458.1
2638,453.32
2639,447.03
2640,450.31
2641,473.11
2642,488.64
2643,466.2
2644,499.47
2645,487.02
2646,513.32
2647,515.43
2648,531.78
2649,522.16
2650,485.03
2651,499.82
2652,535.95
2653,484.64
2654,532.63
2655,593.79
2656,669.29
2657,629.01
2658,707.42
2659,671.19
2660,635.59
2661,581.08
2662,537.2
2663,573.64
2664,548.35
2665,537.56
2666,536.6
2667,498.88
2668,516.29
2669,512.96
2670,502.97
2671,508.34
2672,506.59
2673,492.36
2674,478.89
2675,478.55
2676,458.52
2677,457.28
2678,467.8
2679,478.36
2680,470.12
2681,471.5
2682,469.47
2683,475.6
2684,465.11
2685,459.61
2686,448.36
2687,445.62
2688,438.83
2689,455.17
2690,477.04
2691,439.84
2692,441.19
2693,433.83
2694,427.66
2695,454.36
2696,456.29
2697,509.75
2698,552.06
2699,554.47
2700,544.2
2701,586.75
2702,515.22
2703,501.96
2704,483.54
2705,479.9
2706,466.4
2707,474.44
2708,462.87
2709,469.63
2710,479.19
2711,520.58
2712,517.39
2713,550.11
2714,567.39
2715,539.2
2716,509.52
2717,535.82
2718,557.89
2719,569.6
2720,575.23
2721,601.14
2722,581.85
2723,581.24
2724,545.13
2725,516.4
2726,530.51
2727,498.47
2728,515.98
2729,586.68
2730,547.7
2731,597.81
2732,572.64
2733,548.37
2734,572.08
2735,546.15
2736,560.11
2737,571.6
2738,547.18
2739,544.55
2740,516.96
2741,513.89
2742,516.12
2743,505.5
2744,498.68
2745,479.03
2746,481.93
2747,458.06
2748,466.76
2749,457.23
2750,452.62
2751,439.89
2752,451.03
2753,450.32
2754,441.61
2755,462.78
2756,455.41
2757,479.35
2758,484.4
2759,453.78
2760,466.08
2761,455.84
2762,452.64
2763,430.49
2764,430.74
2765,422.45
2766,420.25
2767,415.87
2768,432.46
2769,428.78
2770,423.77
2771,413.44
2772,425.4
2773,420.42
2774,413.25
2775,404.61
2776,403.79
2777,394.57
2778,380.15
2779,362.53
2780,378.71
2781,367.63
2782,360.56
2783,355.95
2784,368.54
2785,357.4
2786,356.23
2787,351.6
2788,347.24
2789,345.54
2790,355.6
2791,341.92
2792,354.69
2793,362.04
2794,342.46
2795,342.45
2796,356.84
2797,363.01
2798,358.12
2799,342.5
2800,352.72
2801,346.92
2802,342.05
2803,334.36
2804,332.32
2805,320.7
2806,318.5
2807,318.49
2808,306.86
2809,309.19
2810,318.98
2811,310.96
2812,310.42
2813,313.24
2814,312.19
2815,317.99
2816,309.07
2817,319.31
2818,315.91
2819,323.6
2820,317.84
2821,303.35
2822,297.09
2823,303.52
2824,317.87
2825,310.21
2826,309.71
2827,297
2828,305.8
2829,288.43
2830,280.06
2831,289.26
2832,289.99
2833,287.77
2834,337.5
2835,336.52
2836,310.93
2837,329.01
2838,335.29
2839,319.91
2840,353.89
2841,362.83
2842,330.13
2843,295.11
2844,293.12
2845,289.31
2846,271.97
2847,271.14
2848,267.01
2849,266.88
2850,265.94
2851,267.8
2852,279
2853,294.33
2854,270.31
2855,265.65
2856,263.41
2857,264.01
2858,261.49
2859,264.85
2860,262.53
2861,269.56
2862,265.97
2863,257.41
2864,269.77
2865,266.45
2866,263.1
2867,264.12
2868,261.7
2869,264.6
2870,274.18
2871,301.49
2872,344
2873,431.49
2874,434.23
2875,408.71
2876,414.51
2877,419.49
2878,451.93
2879,503.66
2880,453.19
2881,450.61
2882,488.78
2883,441.5
2884,456.06
2885,439.24
2886,429.61
2887,428.62
2888,383.99
2889,356.72
2890,383.49
2891,403.87
2892,370.64
2893,407.72
2894,396.23
2895,409.22
2896,417.98
2897,446.76
2898,444
2899,430.17
2900,415.8
2901,395.75
2902,374.87
2903,383.45
2904,368.37
2905,353.24
2906,349.77
2907,325.54
2908,354.36
2909,355.31
2910,325.19
2911,322.44
2912,301.54
2913,321.69
2914,344.36
2915,303.2
2916,313.7
2917,319.73
2918,311.65
2919,302.97
2920,306.42
2921,314.17
2922,300.58
2923,305.62
2924,315.81
2925,303.88
2926,297.42
2927,318.11
2928,306.59
2929,315.3
2930,341.67
2931,364.37
2932,327.31
2933,339.44
2934,325.69
2935,333.09
2936,319.77
2937,312.33
2938,319.97
2939,308.64
2940,315.04
2941,311.1
2942,297.29
2943,307.28
2944,329.46
2945,301.07
2946,305.31
2947,322.1
2948,336.91
2949,339.64
2950,393.69
2951,367.51
2952,339.52
2953,326.02
2954,346.47
2955,366.87
2956,338.88
2957,321.59
2958,322.68
2959,328.44
2960,320.75
2961,315.14
2962,329.45
2963,331.95
2964,349.33
2965,343.66
2966,356
2967,398.86
2968,424.65
2969,401.48
2970,383.24
2971,422.15
2972,406.03
2973,445
2974,438.83
2975,451.61
2976,457.81
2977,415.6
2978,438.57
2979,418.93
2980,433.83
2981,424.89
2982,397.85
2983,395.99
2984,422.54
2985,416.59
2986,422.16
2987,436.04
2988,455.45
2989,465.75
2990,468.56
2991,505.28
2992,478.64
2993,453.14
2994,436.01
2995,433.39
2996,425.73
2997,400.74
2998,421.59
2999,414.01
3000,397.43
3001,408.07
3002,414.1
3003,373.97
3004,372.07
3005,356.27
3006,366.38
3007,361.64
3008,378.59
3009,368.38
3010,364.96
3011,348.3
3012,343.38
3013,347.22
3014,332.65
3015,323.67
3016,322.9
3017,309.87
3018,307.59
3019,323.57
3020,318.15
3021,313.44
3022,295.35
3023,290.57
3024,292.42
3025,284.02
3026,292.33
3027,306.66
3028,288.19
3029,314.55
3030,307.02
3031,315.03
3032,300.44
3033,285.76
3034,282.54
3035,279.76
3036,265.58
3037,265.14
3038,268.4
3039,274.24
3040,264.74
3041,265.77
3042,261.4
3043,254.41
3044,269.57
3045,276.38
3046,260.91
3047,273.46
3048,276.59
3049,275.48
3050,262.41
3051,258.15
3052,244.39
3053,258.06
3054,250.99
3055,259.92
3056,250.27
3057,258.37
3058,259.44
3059,258
3060,249.12
3061,252.4
3062,237.56
3063,233.69
3064,229.42
3065,224.37
3066,222.71
3067,223.02
3068,217.57
3069,216.59
3070,213.24
3071,214.37
3072,215.31
3073,219.84
3074,237.93
3075,275.8
3076,270.95
3077,267.05
3078,260.04
3079,260.68
3080,240.59
3081,242.86
3082,251.48
3083,218.21
3084,289.7
3085,302.16
3086,245.94
3087,230.95
3088,226.12
3089,224.34
3090,225.15
3091,217.97
3092,215.58
3093,203.13
3094,202.12
3095,196.36
3096,196.08
3097,194.73
3098,196.54
3099,189.05
3100,188.01
3101,185.61
3102,189.89
3103,184.76
3104,184.33
3105,182.67
3106,178.54
3107,174.08
3108,167.95
3109,165.68
3110,171.5
3111,167.29
3112,162.85
3113,156.79
3114,153.77
3115,155.21
3116,156.03
3117,154.6
3118,153.18
3119,151.67
3120,156.9
3121,151.78
3122,149.28
3123,150.29
3124,150.85
3125,150.57
3126,154.69
3127,153.08
3128,154.43
3129,150.75
3130,149.62
3131,149.73
3132,149.52
3133,144.85
3134,139.84
3135,138.67
3136,140.08
3137,162.22
3138,152.78
3139,168.44
3140,173.63
3141,166.51
3142,159.61
3143,155.97
3144,158.67
3145,146.38
3146,139.63
3147,141.85
3148,147.64
3149,141.33
3150,138.97
3151,144.18
3152,143.07
3153,140.84
3154,139.52
3155,138.82
3156,137.51
3157,139.79
3158,135.54
3159,142.48
3160,145.18
3161,148.46
3162,146.48
3163,144.87
3164,140.47
3165,135.83
3166,133.35
3167,131.71
3168,126.5
3169,128.76
3170,131.79
3171,135.41
3172,139.06
3173,143.14
3174,147.55
3175,151.92
3176,160.25
3177,158.48
3178,135.9
3179,135.77
3180,128.21
3181,132.58
3182,131.02
3183,129.54
3184,123.59
3185,126.02
3186,121.63
3187,121.25
3188,117.35
3189,117.01
3190,117.16
3191,116.19
3192,116.97
3193,116.04
3194,117.43
3195,120.99
3196,121.54
3197,111.3
3198,108.64
3199,109.73
3200,110.26
3201,107.75
3202,110.46
3203,109.62
3204,109.02
3205,107
3206,106.07
3207,102.41
3208,100.52
3209,99.11
3210,100.88
3211,100.92
3212,98.92
3213,103.06
3214,104.33
3215,106.15
3216,97.93
3217,93.89
3218,92.89
3219,91.9
3220,91.41
3221,91.08
3222,89.29
3223,89.75
3224,88.94
3225,88.65
3226,88.64
3227,88.92
3228,86.47
3229,84.93
3230,81.49
3231,79.8
3232,79.5
3233,78.89
3234,80.65
3235,80.82
3236,79.05
3237,80.37
3238,78.4
3239,78.58
3240,78.77
3241,78.76
3242,76.72
3243,75
3244,73.3
3245,69.08
3246,72.31
3247,72.88
3248,73.73
3249,74.09
3250,74.4
3251,76.38
3252,75.56
3253,75.18
3254,76.45
3255,75.1
3256,74.99
3257,72.59
3258,71.79
3259,71.79
3260,71.76
3261,71.97
3262,70.75
3263,68.95
3264,70.4
3265,68.6
3266,66.4
3267,66.29
3268,65.77
3269,68.76
3270,69.51
3271,71.22
3272,69.46
3273,67.74
3274,64.65
3275,64.62
3276,64.05
3277,65.82
3278,66.39
3279,65.28
3280,68.09
3281,66.47
3282,68.37
3283,71.45
3284,73.42
3285,75.29
3286,76.58
3287,71.91
3288,71.81
3289,73.06
3290,71.82
3291,71.77
3292,64.06
3293,63.06
3294,62.74
3295,62.67
3296,62.34
3297,60.02
3298,60.45
3299,61.44
3300,59.86
3301,59.96
3302,58.72
3303,58.72
3304,58.84
3305,59.31
3306,58.36
3307,57.09
3308,56.71
3309,66.8
3310,67.02
3311,59.92
3312,57.7
3313,58.2
3314,56.57
3315,56.81
3316,56.34
3317,55.73
3318,55.65
3319,54.64
3320,54.84
3321,55.42
3322,56.32
3323,55.87
3324,54.88
3325,55.18
3326,55.69
3327,53.85
3328,53.9
3329,54.48
3330,53.98
3331,53
3332,52.84
3333,53.27
3334,52.42
3335,51.99
3336,50.9
3337,52.54
3338,51.2
3339,52.44
3340,53.34
3341,54.5
3342,53.82
3343,56.37
3344,54.69
3345,53.47
3346,52.9
3347,51.44
3348,50.86
3349,49.29
3350,48.79
3351,48.17
3352,47.14
3353,46.95
3354,46.56
3355,46.3
3356,45.85
3357,46.2
3358,46.63
3359,46.5
3360,46.03
3361,45.83
3362,46.3
3363,46.6
3364,46.62
3365,45.93
3366,47.32
3367,47.93
3368,57.2
3369,57.45
3370,49.2
3371,49.18
3372,48.8
3373,55.6
3374,55.8
3375,52.8
3376,48.65
3377,50.98
3378,50.33
3379,49.3
3380,49.05
3381,49.54
3382,49.61
3383,47.93
3384,48.01
3385,49.43
3386,49.74
3387,49.03
3388,50.18
3389,47.25
3390,46.27
3391,44.75
3392,45.01
3393,44.54
3394,42.81
3395,42.84
3396,42.32
3397,42.5
3398,42.85
3399,42.68
3400,42.34
3401,42.08
3402,41.34
3403,40.66
3404,39.6
3405,39.74
3406,39.65
3407,38.36
3408,38.45
3409,39.02
3410,38.15
3411,37.67
3412,37.29
3413,36.6
3414,36.05
3415,36.21
3416,35.75
3417,35.44
3418,34.99
3419,36.35
3420,36.72
3421,36.98
3422,37.18
3423,35.41
3424,35.81
3425,35.1
3426,35.4
3427,35.05
3428,34.95
3429,34.4
3430,34.74
3431,34.74
3432,35.01
3433,35.83
3434,36.35
3435,36.15
3436,37.57
3437,36.17
3438,36.01
3439,34.49
3440,33.23
3441,32.84
3442,32.7
3443,32.53
3444,32.31
3445,32.86
3446,33.29
3447,33.9
3448,33.9
3449,33.77
3450,33.44
3451,32.21
3452,31.33
3453,30.24
3454,30.27
3455,30.36
3456,30.08
3457,29.03
3458,28.67
3459,28.69
3460,28.94
3461,28.45
3462,28.93
3463,28.72
3464,28.72
3465,28.5
3466,29.08
3467,27.7
3468,27.27
3469,27.15
3470,26.91
3471,26.83
3472,27.15
3473,26.73
3474,26.69
3475,26.92
3476,27.97
3477,28.08
3478,27.99
3479,27.63
3480,27.41
3481,27.8
3482,28.34
3483,28.73
3484,28.62
3485,30.95
3486,31.77
3487,30.74
3488,30.23
3489,34.48
3490,67.68
3491,50.1
3492,47.85
3493,53.32
3494,50.54
3495,48.92
3496,48.85
3497,44.05
3498,43.17
3499,43.75
3500,45.18
3501,45.7
3502,44.48
3503,41.62
3504,40.05
3505,43.1
3506,45.37
3507,48.22
3508,46.49
3509,44.99
3510,45.25
3511,44.5
3512,43.11
3513,40.16
3514,41.07
3515,42.09
3516,43.09
3517,41.7
3518,41
3519,43.67
3520,43.45
3521,43.33
3522,48.33
3523,50.92
3524,48.32
3525,50.98
3526,52.32
3527,49.65
3528,53.02
3529,51.26
3530,50.04
3531,48.22
3532,51.13
3533,51.81
3534,50.58
3535,50.61
3536,48.41
3537,46.74
3538,44.48
3539,42.08
3540,42.21
3541,42.59
3542,43.7
3543,43.24
3544,45.21
3545,45.44
3546,43.41
3547,42.48
3548,42.89
3549,41.88
3550,42.71
3551,42.24
3552,41.34
3553,41.13
3554,40.99
3555,39.23
3556,37.79
3557,36.79
3558,36.2
3559,38.42
3560,36.79
3561,36.04
3562,36.44
3563,35.28
3564,35.68
3565,34.86
3566,34.69
3567,35.38
3568,39.42
3569,37.84
3570,38.4
3571,36.27
3572,35.05
3573,34.51
3574,33.3
3575,33.55
3576,33.75
3577,33
3578,32.85
3579,33.55
3580,32.33
3581,32.4
3582,32.31
3583,33.65
3584,32.94
3585,35.15
3586,34.15
3587,38.36
3588,37.45
3589,39.73
3590,38.87
3591,37.95
3592,37.9
3593,38.77
3594,36.97
3595,35.34
3596,33.33
3597,32.75
3598,33.98
3599,32.83
3600,32.22
3601,32.32
3602,31.57
3603,31.45
3604,32.01
3605,32.24
3606,31.8
3607,31.79
3608,31.29
3609,31.36
3610,32.28
3611,33.43
3612,31.81
3613,32.17
3614,31.58
3615,30.94
3616,29.93
3617,29.21
3618,29.02
3619,29.3
3620,31.02
3621,32.77
3622,30.95
3623,32.31
3624,31.1
3625,30.09
3626,29.74
3627,30.66
3628,29.71
3629,29.82
3630,29.63
3631,29.65
3632,29.59
3633,29.33
3634,30.47
3635,29.44
3636,29.73
3637,30.39
3638,31.5
3639,31.9
3640,30.76
3641,29.66
3642,29.4
3643,28.5
3644,27.92
3645,29.12
3646,28.47
3647,27.69
3648,27.21
3649,27.42
3650,27.21
3651,27.31
3652,27.95
3653,27.41
3654,27.18
3655,27.05
3656,27.15
3657,26.77
3658,28.23
3659,28.78
3660,29.38
3661,29.81
3662,35.42
3663,35.83
3664,34.83
3665,35.55
3666,33.04
3667,32.75
3668,35.21
3669,35.22
3670,35.57
3671,35.96
3672,39.17
3673,39.7
3674,40.05
3675,40.95
3676,39.96
3677,38.86
3678,37.14
3679,37.48
3680,37.09
3681,35.75
3682,33.08
3683,33.24
3684,34.22
3685,36.82
3686,37.04
3687,38.11
3688,37.37
3689,35.74
3690,37.88
3691,40.02
3692,39.44
3693,40.1
3694,37.15
3695,36.82
3696,35.75
3697,36.09
3698,34.76
3699,33.09
3700,37.59
3701,37.59
3702,40.14
3703,39.89
3704,39.79
3705,39.61
3706,39.16
3707,40.53
3708,42.28
3709,42.96
3710,43.64
3711,44.39
3712,47.32
3713,50.06
3714,47.87
3715,50.46
3716,50.41
3717,50.19
3718,50.53
3719,50.56
3720,50.49
3721,50.36
3722,49.94
3723,49.75
3724,49.92
3725,50.12
3726,49.8
3727,49.53
3728,49.61
3729,49.26
3730,48.98
3731,49.19
3732,48.89
3733,48.54
3734,48.23
3735,48.12
3736,47.76
3737,47.5
3738,47.21
3739,46.86
3740,46.41
3741,46.26
3742,46.09
3743,46.01
3744,45.81
3745,45.99
3746,46.14
3747,46.44
3748,46.37
3749,46.3
3750,46.15
3751,45.6
3752,45.4
3753,44.86
3754,44.73
3755,44.4
3756,43.83
3757,43.27
3758,43.26
3759,43.19
3760,42.93
3761,42.56
3762,42.4
3763,41.84
3764,41.72
3765,41.67
3766,41.49
3767,41.16
3768,40.99
3769,40.83
3770,41.08
3771,41.2
3772,41.56
3773,41.24
3774,40.99
3775,40.94
3776,40.81
3777,40.59
3778,40.36
3779,40.52
3780,40.59
3781,40.53
3782,40.54
3783,40.27
3784,40.36
3785,40.3
3786,40.2
3787,39.92
3788,39.66
3789,39.47
3790,39.38
3791,39.47
3792,39.04
3793,38.72
3794,38.53
3795,38.51
3796,38.11
3797,37.79
3798,37.47
3799,37.31
3800,37.2
3801,37.08
3802,36.81
3803,36.73
3804,36.69
3805,36.23
3806,36.1
3807,36.04
3808,36.13
3809,35.88
3810,35.67
3811,35.35
3812,35.11
3813,34.82
3814,34.64
3815,34.88
3816,34.74
3817,34.69
3818,34.34
3819,34.45
3820,34.24
3821,34.19
3822,34.14
3823,34.14
3824,34.02
3825,34.18
3826,34.03
3827,33.97
3828,34
3829,33.89
3830,33.77
3831,33.82
3832,33.72
3833,33.71
3834,33.79
3835,33.5
3836,33.38
3837,33.08
3838,32.95
3839,32.78
3840,32.68
3841,32.38
3842,32.11
3843,31.99
3844,31.74
3845,31.57
3846,31.25
3847,31.16
3848,31.02
3849,30.94
3850,30.84
3851,30.72
3852,30.63
3853,30.73
3854,30.69
3855,30.61
3856,30.53
3857,30.44
3858,30.47
3859,30.53
3860,30.4
3861,30.19
3862,30.03
3863,29.95
3864,29.77
3865,29.82
3866,29.86
3867,29.72
3868,29.74
3869,29.7
3870,29.66
3871,29.42
3872,29.44
3873,29.24
3874,29.24
3875,29.35
3876,29.27
3877,29.27
3878,29.35
3879,29.26
3880,29.35
3881,29.23
3882,29.15
3883,29.07
3884,28.91
3885,28.96
3886,28.59
3887,28.64
3888,28.67
3889,28.79
3890,28.8
3891,28.69
3892,28.61
3893,28.53
3894,28.67
3895,28.51
3896,28.58
3897,28.53
3898,28.39
3899,28.23
3900,27.98
3901,27.96
3902,27.92
3903,27.7
3904,27.55
3905,27.49
3906,27.34
3907,27.23
3908,27.07
3909,27
3910,26.84
3911,26.73
3912,26.81
3913,26.94
3914,26.72
3915,26.69
3916,26.46
3917,26.6
3918,26.4
3919,26.3
3920,26.16
3921,26.14
3922,25.9
3923,25.72
3924,25.55
3925,25.43
3926,25.35
3927,25.38
3928,25.22
3929,25.09
3930,24.97
3931,25.04
3932,25.06
3933,24.92
3934,24.84
3935,24.78
3936,25.1
3937,24.73
3938,24.53
3939,24.58
3940,24.55
3941,24.42
3942,24.38
3943,24.09
3944,23.78
3945,23.49
3946,23.22
3947,22.98
3948,22.79
3949,22.54
3950,22.19
3951,21.89
3952,21.57
3953,21.42
3954,21.14
3955,20.9
3956,20.63
3957,20.35
3958,20.13
3959,19.9
3960,19.66
